path,lines,sha256,status,coverage_ledger,reason
.dockerignore,77,caf06b5c7d629a938de772dd5bf1d2e8f7a18c3e0bbe3c915fd22d2488964645,read_complete,coverage-infrastructure.csv,Full authored content reviewed; empty modules classified where applicable
.env.example,185,e1564dc4457333975e8a663b11e458c09ca61d8336f01027cc898ec0cd573055,read_complete,coverage-infrastructure.csv,Full authored content reviewed; empty modules classified where applicable
.github/PULL_REQUEST_TEMPLATE.md,24,829e38a6624f7e8c7fc5a214b94d4b3af11c047269c9517c6ae8854eacc5f93f,read_complete,coverage-infrastructure.csv,Full authored content reviewed; empty modules classified where applicable
.github/workflows/ci.yml,252,0db7e3f1e3f80066a71b9a1fbe19ed5d1fe8eeee6b191df3af4f744a205dab19,read_complete,coverage-infrastructure.csv,Full authored content reviewed; empty modules classified where applicable
.gitignore,102,7ae809e098b19bfd8675b70375efdd56307cb2e44acb3d35472482576cc651a1,read_complete,coverage-infrastructure.csv,Full authored content reviewed; empty modules classified where applicable
HOW_TO_RESTART.md,49,8ec1a7efca4fc72611199d1a500f5a5096ac711409eb5a41c3894e9a6f12f72f,read_complete,coverage-infrastructure.csv,Full authored content reviewed; empty modules classified where applicable
Makefile,25,f8f92af9ea6f24871de58fb1fad2c462951ba9b9ea9023f224295ec87f795f21,read_complete,coverage-infrastructure.csv,Full authored content reviewed; empty modules classified where applicable
README.md,650,e38c003ba0ed0966bca5486607ee32a787a22f4ad152422ccd164684045a76cd,read_complete,coverage-infrastructure.csv,Full authored content reviewed; empty modules classified where applicable
assets/Light.mp4,,d5643c2dca03d280ab5ed377334fe2fa4fe0265856648261222c9547b3fc52e9,binary_or_asset_inventory,,Asset outside authored code line review
assets/dark.mp4,,f29a3e47751acb17f4eb871e05d3e302f105f7a78b045f03c6b3ba5397dfaefe,binary_or_asset_inventory,,Asset outside authored code line review
backend/.dockerignore,16,910cda108c6fd7760de680f55e0ae9b855b7490656f72c65453a64152c58e8c7,read_complete,coverage-infrastructure.csv,Full authored content reviewed; empty modules classified where applicable
backend/Dockerfile,44,6917b523da65e6c494ac614e3d4c4488bab7292090daa6ca1c046a065dce1a9e,read_complete,coverage-infrastructure.csv,Full authored content reviewed; empty modules classified where applicable
backend/app/__init__.py,0,e3b0c44298fc1c149afbf4c8996fb92427ae41e4649b934ca495991b7852b855,read_complete,coverage-backend-boundaries.csv,Full authored content reviewed; empty modules classified where applicable
backend/app/agents/__init__.py,0,e3b0c44298fc1c149afbf4c8996fb92427ae41e4649b934ca495991b7852b855,read_complete,coverage-backend-services.csv,Full authored content reviewed; empty modules classified where applicable
backend/app/agents/_llm_json.py,60,be0866df06c463c72f25de4983958f873772e51147b692278b7672ee301675eb,read_complete,coverage-backend-services.csv,Full authored content reviewed; empty modules classified where applicable
backend/app/agents/auto_apply_pipeline.py,557,c89fd460b3162be22afe42b05cde3c437dea5985fb12924155f7943fe83f2bd6,read_complete,coverage-backend-services.csv,Full authored content reviewed; empty modules classified where applicable
backend/app/agents/chat_orchestrator.py,576,e4338bda69def7a0e4cb637605df4693b89d29cdee4eb42f10cb5137ae43231a,read_complete,coverage-backend-services.csv,Full authored content reviewed; empty modules classified where applicable
backend/app/agents/company_research_agent.py,657,19ca8df004d6459436556adc2f7d203a71ead50fce56ebcb01f86521b938cee4,read_complete,coverage-backend-services.csv,Full authored content reviewed; empty modules classified where applicable
backend/app/agents/computer_agent.py,197,b211f3234caf2f6bc3064fdb0cebe379c93b5682c7eacf76c5ad6c5662204368,read_complete,coverage-backend-services.csv,Full authored content reviewed; empty modules classified where applicable
backend/app/agents/cover_letter_agent.py,223,d00cfce51a2e76e3d506745b6f02a7291e80893dd6a58a9638c2de359db43799,read_complete,coverage-backend-services.csv,Full authored content reviewed; empty modules classified where applicable
backend/app/agents/email_agent.py,85,dbdc7b1b399b5667d0d48eeba41c62e59a58069d6a61446df638bf2d4209b2cf,read_complete,coverage-backend-services.csv,Full authored content reviewed; empty modules classified where applicable
backend/app/agents/email_monitor_agent.py,207,628cb30da61970a9f477dfd044f527752870c3fdf819727e602c3e538a5a90bf,read_complete,coverage-backend-services.csv,Full authored content reviewed; empty modules classified where applicable
backend/app/agents/followup_agent.py,78,6a88ae22190639a0a9b126b95d310768431190a117098013fcbcdeadf92d68cb,read_complete,coverage-backend-services.csv,Full authored content reviewed; empty modules classified where applicable
backend/app/agents/harness.py,691,eafad8e1481ce8e3ac0294e90cfc9900217e0b5907e94ffcbf8817c2e54240ae,read_complete,coverage-backend-services.csv,Full authored content reviewed; empty modules classified where applicable
backend/app/agents/interview_coach_agent.py,607,4923214baa79c79736f0f412cc231c47ecc2c2dfe5b9b459b2e6cd92624efad8,read_complete,coverage-backend-services.csv,Full authored content reviewed; empty modules classified where applicable
backend/app/agents/interview_prep_agent.py,86,1cc375262677f4ca846ba1c227d4dcdf697a4ebe746aa6fc66501802cf50297b,read_complete,coverage-backend-services.csv,Full authored content reviewed; empty modules classified where applicable
backend/app/agents/job_search.py,1812,5166d20a12e5167d770acefc8323da4acfd02e84229ddc931ce61a9d9b484c2e,read_complete,coverage-backend-services.csv,Full authored content reviewed; empty modules classified where applicable
backend/app/agents/linkedin_agent.py,101,4991e40c385be51680a894c14cec2227c721704477c405e439a6f14bc845cd49,read_complete,coverage-backend-services.csv,Full authored content reviewed; empty modules classified where applicable
backend/app/agents/linkedin_outreach_agent.py,142,049deb908e08e5d5ee105082c4d454b01ef99d02c496c61be5eb667cae3bb9b7,read_complete,coverage-backend-services.csv,Full authored content reviewed; empty modules classified where applicable
backend/app/agents/memory/__init__.py,10,afebc628ecc81c73de4e03f5a812dbdeff134593a5d087875f09ac48e8c1ab9e,read_complete,coverage-backend-services.csv,Full authored content reviewed; empty modules classified where applicable
backend/app/agents/memory/manager.py,659,cb478633f6e329443941f66e7248c01b4ab224e5255753cce0cfca63c15146b8,read_complete,coverage-backend-services.csv,Full authored content reviewed; empty modules classified where applicable
backend/app/agents/orchestrator.py,221,6c2cb09219bb3a3fc5b5e5a3390c19efe8ab4b1d75007b033432cb17574bd419,read_complete,coverage-backend-services.csv,Full authored content reviewed; empty modules classified where applicable
backend/app/agents/prompts/__init__.py,42,170e5afbb4b80a50e47ab2c7fdf9d76b69fccb6f3238c356461785f07d798e44,read_complete,coverage-backend-services.csv,Full authored content reviewed; empty modules classified where applicable
backend/app/agents/prompts/auto_apply_prompt.py,64,45c54f0447f9258309571f8858f831044155f589832c7bf590bf95b02c551f29,read_complete,coverage-backend-services.csv,Full authored content reviewed; empty modules classified where applicable
backend/app/agents/prompts/company_research_prompt.py,62,6d663471ba9c30cdd738c8813452a7f4208ae9033da2b20adfbf630425de6cf6,read_complete,coverage-backend-services.csv,Full authored content reviewed; empty modules classified where applicable
backend/app/agents/prompts/cover_letter_prompt.py,76,c8fc8a73c856a7e4411a53c045900ac7b38f2640184bdaadcfe983ecd8def4dd,read_complete,coverage-backend-services.csv,Full authored content reviewed; empty modules classified where applicable
backend/app/agents/prompts/email_monitor_prompt.py,53,ca67bd1b9562aa26765b7ab20207856b221a9fd9c08915c9e3d655840f67cb97,read_complete,coverage-backend-services.csv,Full authored content reviewed; empty modules classified where applicable
backend/app/agents/prompts/email_prompt.py,52,3de29c1d8ac5bd1c506274c95bf74b99f446615d37ea53414e48bb0b17fb4524,read_complete,coverage-backend-services.csv,Full authored content reviewed; empty modules classified where applicable
backend/app/agents/prompts/followup_prompt.py,52,3e55393f4832fb3401d9deb8a05f8fc091cb59495e831e6751448bfdfabfcf23,read_complete,coverage-backend-services.csv,Full authored content reviewed; empty modules classified where applicable
backend/app/agents/prompts/harness_reflect_prompt.py,42,92b66d9dacb6677d42279f889efbe7baa20be1b31a9d1b0254f47e7c7e517950,read_complete,coverage-backend-services.csv,Full authored content reviewed; empty modules classified where applicable
backend/app/agents/prompts/interview_coach_prompt.py,61,9ca1b58bdeaf65b0f09b981005528512da74c7cd975538de8be10ec26e894c38,read_complete,coverage-backend-services.csv,Full authored content reviewed; empty modules classified where applicable
backend/app/agents/prompts/interview_prep_prompt.py,63,68d5e63b626ee59c2e804434eb435a0bf7380c021db5919a20ee19aae01e3a43,read_complete,coverage-backend-services.csv,Full authored content reviewed; empty modules classified where applicable
backend/app/agents/prompts/job_search_prompt.py,59,27ea35a21d55abc011b58d1c9662bed14c2524ab65b2fafa90fccb633fa4c9aa,read_complete,coverage-backend-services.csv,Full authored content reviewed; empty modules classified where applicable
backend/app/agents/prompts/linkedin_outreach_prompt.py,55,67157b1b9c9e97c8f17e7987b54fa696df26645661044ca9430b763ff42bf194,read_complete,coverage-backend-services.csv,Full authored content reviewed; empty modules classified where applicable
backend/app/agents/prompts/linkedin_prompt.py,50,cd90c61f5c8dd405a5465cc8067ee5cedd3a9bcb195d41bc632fc7549d75c9c3,read_complete,coverage-backend-services.csv,Full authored content reviewed; empty modules classified where applicable
backend/app/agents/prompts/orchestrator_prompt.py,37,5389b1e19a8e9e88a3d09305142c5283f12f2bc4cb71dba30ffd71815c5e82a7,read_complete,coverage-backend-services.csv,Full authored content reviewed; empty modules classified where applicable
backend/app/agents/prompts/resume_prompt.py,161,8e363925d52214011eb089dbb5a4fe982fef0703c1bfa5d274e5c386afc564f7,read_complete,coverage-backend-services.csv,Full authored content reviewed; empty modules classified where applicable
backend/app/agents/prompts/salary_prompt.py,66,d9d7698032505691cf6a03f1efb52d1e409f73eee22a23aede68022846a5be62,read_complete,coverage-backend-services.csv,Full authored content reviewed; empty modules classified where applicable
backend/app/agents/resume_agent.py,368,2a4f112ab7712d64da72d5494f139923a851284e8c1f8ded9595094e7f8b4c18,read_complete,coverage-backend-services.csv,Full authored content reviewed; empty modules classified where applicable
backend/app/agents/salary_agent.py,440,1d8c0380cc2dfed638999c2c74a55cd3535517610d4e625e1966489e4efe8b07,read_complete,coverage-backend-services.csv,Full authored content reviewed; empty modules classified where applicable
backend/app/agents/semantic_memory.py,261,04945c986d77969116913c3ddfc516de62baa1b30983e364cca55701af88ac5b,read_complete,coverage-backend-services.csv,Full authored content reviewed; empty modules classified where applicable
backend/app/agents/state.py,47,49d3d5febe4e5ac409c00a702703a87a9daca6f2f3ff972aaa00649e43fe7bed,read_complete,coverage-backend-services.csv,Full authored content reviewed; empty modules classified where applicable
backend/app/agents/strategies.py,80,338e27b4b9e3c564d2216c0e266818360789b469b9aa597c1e2505d1fae7dcb1,read_complete,coverage-backend-services.csv,Full authored content reviewed; empty modules classified where applicable
backend/app/agents/thinking.py,133,fea9c49ee1157786758726eb2d690a12bf8fb820ab3e3192ead60ecf1971fddd,read_complete,coverage-backend-services.csv,Full authored content reviewed; empty modules classified where applicable
backend/app/api/__init__.py,0,e3b0c44298fc1c149afbf4c8996fb92427ae41e4649b934ca495991b7852b855,read_complete,coverage-backend-boundaries.csv,Full authored content reviewed; empty modules classified where applicable
backend/app/api/v1/__init__.py,0,e3b0c44298fc1c149afbf4c8996fb92427ae41e4649b934ca495991b7852b855,read_complete,coverage-backend-boundaries.csv,Full authored content reviewed; empty modules classified where applicable
backend/app/api/v1/agent_memory.py,87,8ab174464813bcdbfabd830c3bf21f82e51858e790da308ccc9c58af12bc9d4e,read_complete,coverage-backend-boundaries.csv,Full authored content reviewed; empty modules classified where applicable
backend/app/api/v1/agents.py,329,88d1f086a13dd452f29ae6aacb6620381207a8ee0b87150d5b6959486ab280ae,read_complete,coverage-backend-boundaries.csv,Full authored content reviewed; empty modules classified where applicable
backend/app/api/v1/candidate_profile.py,144,dfddf870322aa29ed9b2a63a3d4c25c686ced218266b53b97dc843705bad3052,read_complete,coverage-backend-boundaries.csv,Full authored content reviewed; empty modules classified where applicable
backend/app/api/v1/company.py,31,a7419638eb16c7a2b330f4069fb8c1bc1054955dc303f2e536d1b515be041a4e,read_complete,coverage-backend-boundaries.csv,Full authored content reviewed; empty modules classified where applicable
backend/app/api/v1/computer.py,201,e1d53c77e243b341dffcf767b59562d9e8c1dec5def7fa6dc8040ec1e7bbcfc4,read_complete,coverage-backend-boundaries.csv,Full authored content reviewed; empty modules classified where applicable
backend/app/api/v1/copilot_chat.py,161,880779296b68d2e76c7893754c8c263d0227c364591e42d939e4fcbc161af4d9,read_complete,coverage-backend-boundaries.csv,Full authored content reviewed; empty modules classified where applicable
backend/app/api/v1/cover_letter.py,96,23ac0270be777ffaa9ba7355ada91b2c5815f7e09961fb5c93dc4f61f23777d0,read_complete,coverage-backend-boundaries.csv,Full authored content reviewed; empty modules classified where applicable
backend/app/api/v1/demo.py,136,036d4d4689794faace5e3b3fcb9eed1cc82d9e907727064ef31b92493ea6a846,read_complete,coverage-backend-boundaries.csv,Full authored content reviewed; empty modules classified where applicable
backend/app/api/v1/deps.py,86,99f7a44bae419f3851d9cd773d0cd5a06f6adc310a342cf48a043c5288eca2d3,read_complete,coverage-backend-boundaries.csv,Full authored content reviewed; empty modules classified where applicable
backend/app/api/v1/email.py,394,569f77bcee0d9489663e51793c0db2704cc4445d710bececb3218006125cc49f,read_complete,coverage-backend-boundaries.csv,Full authored content reviewed; empty modules classified where applicable
backend/app/api/v1/extension.py,651,fb2b1b5e8482e8050ed8fc3c1619ba54caff6cb47f275be6237df66f7aeba93c,read_complete,coverage-backend-boundaries.csv,Full authored content reviewed; empty modules classified where applicable
backend/app/api/v1/github.py,52,8d9ce406c9cca6fee3fca8458e6ef1ca2420304c2fd15e7de299a0064858791d,read_complete,coverage-backend-boundaries.csv,Full authored content reviewed; empty modules classified where applicable
backend/app/api/v1/integrations.py,296,107d7f1749fdff60517f830304b58275e2ca15de4f4013dad01393c53ff814ca,read_complete,coverage-backend-boundaries.csv,Full authored content reviewed; empty modules classified where applicable
backend/app/api/v1/interview.py,142,622e18c2af77b82c5fb119ee1e724fccba5368ea593b46519d5257f699602397,read_complete,coverage-backend-boundaries.csv,Full authored content reviewed; empty modules classified where applicable
backend/app/api/v1/interview_prep.py,35,b0de4cb177ba1083e405e805aca37cfa4e8714070ba7a5f39e0684c7c8262232,read_complete,coverage-backend-boundaries.csv,Full authored content reviewed; empty modules classified where applicable
backend/app/api/v1/job_basis.py,207,ebfcc43ab41b09cf95913ccef722f7099bc035212be7c43a6c5e48f80e82ff68,read_complete,coverage-backend-boundaries.csv,Full authored content reviewed; empty modules classified where applicable
backend/app/api/v1/jobs.py,1469,b232c6f83e5c2a55b4396e1373bb9e4917c7829a073efe8f8d8815a501a2c931,read_complete,coverage-backend-boundaries.csv,Full authored content reviewed; empty modules classified where applicable
backend/app/api/v1/leads.py,126,bed3e3d836f4b125378ee5d79b484e43e0b557cc8efb0e54a6c6103d7f336d3a,read_complete,coverage-backend-boundaries.csv,Full authored content reviewed; empty modules classified where applicable
backend/app/api/v1/linkedin.py,290,9f1e327f4bb96d2641691c67b63ad339af4588a69adcc9c91c7f92c77b98b012,read_complete,coverage-backend-boundaries.csv,Full authored content reviewed; empty modules classified where applicable
backend/app/api/v1/metrics.py,17,4722e13c3094929b2606a72a2f6fc2f4c02cf64405f68a0786c61b28a9f340e2,read_complete,coverage-backend-boundaries.csv,Full authored content reviewed; empty modules classified where applicable
backend/app/api/v1/notifications.py,66,58e4df8b01e6e7f6e9e1b19e99bdad6fa9cd029e0870335642160d0a1b0b8846,read_complete,coverage-backend-boundaries.csv,Full authored content reviewed; empty modules classified where applicable
backend/app/api/v1/outreach.py,123,9b246c092a6d7471e1c7899da4fe4369a3f269d3da02bab5cabb5aa638e054c2,read_complete,coverage-backend-boundaries.csv,Full authored content reviewed; empty modules classified where applicable
backend/app/api/v1/rag.py,547,5851950ecd8cc2914719c3eac22e43e6071744b9bf2ee4150404bd1a15212ab3,read_complete,coverage-backend-boundaries.csv,Full authored content reviewed; empty modules classified where applicable
backend/app/api/v1/resume.py,962,89c3737a3a8af6766e6ceea9399961d7066da56903fc07bc7422a99172e39413,read_complete,coverage-backend-boundaries.csv,Full authored content reviewed; empty modules classified where applicable
backend/app/api/v1/run_utils.py,167,6de2a064f215045a645dff3dca84716b93f0e36019271cb2a22c018590aea9f6,read_complete,coverage-backend-boundaries.csv,Full authored content reviewed; empty modules classified where applicable
backend/app/api/v1/salary.py,36,34a9cc34a263188936ee4e44f0231eabaa64a4548505932333510cb37d05a528,read_complete,coverage-backend-boundaries.csv,Full authored content reviewed; empty modules classified where applicable
backend/app/api/v1/users.py,664,fc541c8e8de5fc09608a74961996061407cf49e11e2638a83fe6ed546f2ee4da,read_complete,coverage-backend-boundaries.csv,Full authored content reviewed; empty modules classified where applicable
backend/app/applications/__init__.py,0,e3b0c44298fc1c149afbf4c8996fb92427ae41e4649b934ca495991b7852b855,read_complete,coverage-backend-boundaries.csv,Full authored content reviewed; empty modules classified where applicable
backend/app/applications/adapters/__init__.py,21,0e675f3d242404c40742140893d25d225206a37ef026b344a150e7a2fd525612,read_complete,coverage-backend-boundaries.csv,Full authored content reviewed; empty modules classified where applicable
backend/app/applications/adapters/_dom.py,110,517c26c9246edb44b338f387e61af71e7a4bc06930b71aa214b052ba8f602a93,read_complete,coverage-backend-boundaries.csv,Full authored content reviewed; empty modules classified where applicable
backend/app/applications/adapters/ashby.py,72,da2ad5dae544817ff066fad7a1cb51fb1391aa10076c3cd5ce3c523efc0fcd74,read_complete,coverage-backend-boundaries.csv,Full authored content reviewed; empty modules classified where applicable
backend/app/applications/adapters/base.py,75,8b8f6bde61eb08dd976fdb44b2e0719dae86d935df5a7c60787df2383477386e,read_complete,coverage-backend-boundaries.csv,Full authored content reviewed; empty modules classified where applicable
backend/app/applications/adapters/generic.py,59,dd525dd1c00b829eb6cd812629df1190a297565a8009c74d5b3c1b93439a0605,read_complete,coverage-backend-boundaries.csv,Full authored content reviewed; empty modules classified where applicable
backend/app/applications/adapters/greenhouse.py,159,689f7b7da153fc9a7ada00d4e21838606b72ec4fb384a6a989589785e9a6926d,read_complete,coverage-backend-boundaries.csv,Full authored content reviewed; empty modules classified where applicable
backend/app/applications/adapters/lever.py,151,412f6fd5d4719bb98cc3580152a393386a3d397785e8c62e3e91398cdb933b4b,read_complete,coverage-backend-boundaries.csv,Full authored content reviewed; empty modules classified where applicable
backend/app/applications/answer_resolver.py,117,26ddafcc1c795e1f6e096565a9fcecae775100724a4217ee276b275d3c7b9627,read_complete,coverage-backend-boundaries.csv,Full authored content reviewed; empty modules classified where applicable
backend/app/applications/models.py,42,d7f1e31a75e8c97ef4452bff4878446bcba627c682d2dc55eedd5391bf595693,read_complete,coverage-backend-boundaries.csv,Full authored content reviewed; empty modules classified where applicable
backend/app/applications/profile_service.py,93,cbe3b749cbdc576b389766a4f9dc8eb8b67d3afcaef56b78443100f3f1009861,read_complete,coverage-backend-boundaries.csv,Full authored content reviewed; empty modules classified where applicable
backend/app/applications/question_normalizer.py,66,a29c4b259ad5c4daa9e0b8268e81a06aa2ccb2f97e0593902f8a3a8939590a33,read_complete,coverage-backend-boundaries.csv,Full authored content reviewed; empty modules classified where applicable
backend/app/applications/schema_extractor.py,150,446320d036667b4ea8650f9f1f4718e77758bdc9ba921aee11c39831b2605ec6,read_complete,coverage-backend-boundaries.csv,Full authored content reviewed; empty modules classified where applicable
backend/app/applications/submission.py,109,be9dd616337ed21c6fa9d99cfbafa09271d3b085e933ab98d4cea3749843ff74,read_complete,coverage-backend-boundaries.csv,Full authored content reviewed; empty modules classified where applicable
backend/app/applications/validator.py,79,2186eb0abb834a30aaf98fd1c385c0a36ab62007406f19e4504d154801d94eb3,read_complete,coverage-backend-boundaries.csv,Full authored content reviewed; empty modules classified where applicable
backend/app/core/__init__.py,0,e3b0c44298fc1c149afbf4c8996fb92427ae41e4649b934ca495991b7852b855,read_complete,coverage-backend-boundaries.csv,Full authored content reviewed; empty modules classified where applicable
backend/app/core/agent_runs_repository.py,65,c973a717c056828ad46892b08dfc51e50b9454fc9476a456fd842d7b8cb644e7,read_complete,coverage-backend-boundaries.csv,Full authored content reviewed; empty modules classified where applicable
backend/app/core/background.py,17,15df8375ef5c074063bea14373ad914fc7157ae90d77155f1d7d783da4f8d6cb,read_complete,coverage-backend-boundaries.csv,Full authored content reviewed; empty modules classified where applicable
backend/app/core/clerk_auth.py,381,5dcaf0329f10cb7712a82111decee449c0faa4bb65a8f8184197a894ed3ff5c6,read_complete,coverage-backend-boundaries.csv,Full authored content reviewed; empty modules classified where applicable
backend/app/core/config.py,343,0be3bb973502d5e2ac27596170f0e7d47d55e06e82dd769efb0a4fcf897a5159,read_complete,coverage-backend-boundaries.csv,Full authored content reviewed; empty modules classified where applicable
backend/app/core/database.py,51,b7df718fa55d876080658dacf095ab0a25901b32bdbdbdd4c6c72ab40b7abf80,read_complete,coverage-backend-boundaries.csv,Full authored content reviewed; empty modules classified where applicable
backend/app/core/event_bus.py,197,2470ffa184b3d305a346906957768243abfcb339df210811bd80c417aa2774e9,read_complete,coverage-backend-boundaries.csv,Full authored content reviewed; empty modules classified where applicable
backend/app/core/llm_gateway.py,488,7e5494bed7301649136e0e4c7dec24eb169157da61f01d2067fef139ca17a418,read_complete,coverage-backend-boundaries.csv,Full authored content reviewed; empty modules classified where applicable
backend/app/core/model_router.py,403,3437131bdae2669e9e7451c1608d3b62554078566acbdb0c75b5bca07e4111cf,read_complete,coverage-backend-boundaries.csv,Full authored content reviewed; empty modules classified where applicable
backend/app/core/rate_limit.py,31,99062aa3a3d1fbd22e28d1ff51e6ef1189a81af67419f4045feb4c4e8ce84504,read_complete,coverage-backend-boundaries.csv,Full authored content reviewed; empty modules classified where applicable
backend/app/core/redis_client.py,45,8ae130f4cca68e794d59e3251d811403fbbd868f907e7fc39a8796eeaa16827e,read_complete,coverage-backend-boundaries.csv,Full authored content reviewed; empty modules classified where applicable
backend/app/core/request_context.py,23,c2163e42527bdd290f151213d28918557021f5c13b616f9b49baadbcce151c5f,read_complete,coverage-backend-boundaries.csv,Full authored content reviewed; empty modules classified where applicable
backend/app/core/security.py,50,afe3869ccb75d553d445139223741952605abab60769e72148931828ae3cda54,read_complete,coverage-backend-boundaries.csv,Full authored content reviewed; empty modules classified where applicable
backend/app/core/sync_db.py,226,50444466e9ad46191bfaebce7aa2931cce3c89fe2871d7cb450bed234242cf4a,read_complete,coverage-backend-boundaries.csv,Full authored content reviewed; empty modules classified where applicable
backend/app/core/temporal_client.py,116,d74321875fe54b45f1b628bd4329015de1867ed014ab339b6949c12b7ffba404,read_complete,coverage-backend-boundaries.csv,Full authored content reviewed; empty modules classified where applicable
backend/app/integrations/__init__.py,5,85205d5eeaec367cd64ec64f1386d9a27e6c958478c135756a88ebfea873fb77,read_complete,coverage-backend-boundaries.csv,Full authored content reviewed; empty modules classified where applicable
backend/app/integrations/exceptions.py,29,fa3c0fef7d83533c4fec2359244e459f02158c625fca20664332b1890674c2ad,read_complete,coverage-backend-boundaries.csv,Full authored content reviewed; empty modules classified where applicable
backend/app/integrations/factory.py,79,653c6584f4f744841c9e01d1b458ba821175c41418225e441e29ac11af9800a5,read_complete,coverage-backend-boundaries.csv,Full authored content reviewed; empty modules classified where applicable
backend/app/integrations/gateway.py,48,01f3e992c8a57e082e11062c0578f6274047deb8102dd6d992ae52ecb7a95d32,read_complete,coverage-backend-boundaries.csv,Full authored content reviewed; empty modules classified where applicable
backend/app/integrations/mock.py,79,224b28402bba0957c3b3884fb0bf91b26c943bd759cc048ad217a75100e9d119,read_complete,coverage-backend-boundaries.csv,Full authored content reviewed; empty modules classified where applicable
backend/app/integrations/nango.py,273,b448418dc888802959214820897b314627c1ed8b328a31d6871b19d20cb6ad07,read_complete,coverage-backend-boundaries.csv,Full authored content reviewed; empty modules classified where applicable
backend/app/integrations/providers.py,49,19380d7d4c6588faf3f6ed94d074ff5b192ab86b9b0d8ad6eed063f893f9e581,read_complete,coverage-backend-boundaries.csv,Full authored content reviewed; empty modules classified where applicable
backend/app/integrations/repository.py,153,e498c67abb16ee45390d0e4138125594c55799bb545510cbc915d0c1be9ffe47,read_complete,coverage-backend-boundaries.csv,Full authored content reviewed; empty modules classified where applicable
backend/app/integrations/schemas.py,30,52fd656f914918ea16ecb1e68aa6f5c24ce48b0c28fc98dee1110b243fe6f3c7,read_complete,coverage-backend-boundaries.csv,Full authored content reviewed; empty modules classified where applicable
backend/app/integrations/validation.py,22,23d9661dc46c57f9f79edcf25723abbfc10ea68d9567292cd371b24965b5b476,read_complete,coverage-backend-boundaries.csv,Full authored content reviewed; empty modules classified where applicable
backend/app/integrations/webhooks.py,16,a27ff6b5cd62efad2c01abc43ec13101a699f9a416e8526bb637dc9e7433d2b6,read_complete,coverage-backend-boundaries.csv,Full authored content reviewed; empty modules classified where applicable
backend/app/main.py,381,8ab15b53fe147e97d494c3a094d19d6a7df47cb65191e22ba7b79f7bcb9ba048,read_complete,coverage-backend-boundaries.csv,Full authored content reviewed; empty modules classified where applicable
backend/app/models/__init__.py,85,d953231d02c955c85cedc18db908a54bab3f1db1505761883eca35da6a464bc6,read_complete,coverage-backend-boundaries.csv,Full authored content reviewed; empty modules classified where applicable
backend/app/models/db.py,867,beafb05873fb0b7a1cca95586d731c501ec08e288f095296fbe97515e227c14d,read_complete,coverage-backend-boundaries.csv,Full authored content reviewed; empty modules classified where applicable
backend/app/models/schemas.py,380,475001efd63b56a15428553806689a5da11ddf53dddda2d1598d647247227246,read_complete,coverage-backend-boundaries.csv,Full authored content reviewed; empty modules classified where applicable
backend/app/notification_worker.py,82,a0d40e61d7d65c46af487cc3b7b8185622ff8678f2a18a92176833a9c0a21148,read_complete,coverage-backend-boundaries.csv,Full authored content reviewed; empty modules classified where applicable
backend/app/schemas/__init__.py,1,5384bfdb2df380b6557cc7a71d16891415bccaa87699406e236f752c6415389f,read_complete,coverage-backend-boundaries.csv,Full authored content reviewed; empty modules classified where applicable
backend/app/schemas/jobs.py,43,5ba269a2f18238c3f89fcd54124af3945552e3401e7bfc17a5033f56b4389001,read_complete,coverage-backend-boundaries.csv,Full authored content reviewed; empty modules classified where applicable
backend/app/services/__init__.py,0,e3b0c44298fc1c149afbf4c8996fb92427ae41e4649b934ca495991b7852b855,read_complete,coverage-backend-services.csv,Full authored content reviewed; empty modules classified where applicable
backend/app/services/account_deletion_service.py,305,cbb4f680dc8b17d5640e0a0c4d8433dcdeb0ed35cd491e77a08b45378273c1d1,read_complete,coverage-backend-services.csv,Full authored content reviewed; empty modules classified where applicable
backend/app/services/agent_metrics.py,84,1ccb130b5ba339bf6c94c86535465cb1bc74bd5f0905e28bfcec56ce28e0edc6,read_complete,coverage-backend-services.csv,Full authored content reviewed; empty modules classified where applicable
backend/app/services/application_status_service.py,203,ca57d76e8489386cf15ae99a80954633c3c2d032fcd2351966cd19d50b1513a6,read_complete,coverage-backend-services.csv,Full authored content reviewed; empty modules classified where applicable
backend/app/services/apply_limits.py,41,9e2a3fcf8cde193708d6b45801cc917c761cea03ce895fd61a38eb2b323dd6b9,read_complete,coverage-backend-services.csv,Full authored content reviewed; empty modules classified where applicable
backend/app/services/apply_url.py,84,b5ea48d464fdb307a6e049d96663663f09aeb08038b1a7e54592881985e7f201,read_complete,coverage-backend-services.csv,Full authored content reviewed; empty modules classified where applicable
backend/app/services/ats_estimator.py,252,4953a7364ccc970d9d9c32e32f2442e984282229682e7baa5ff9d48c2e09ac32,read_complete,coverage-backend-services.csv,Full authored content reviewed; empty modules classified where applicable
backend/app/services/ats_service.py,523,fcea8e6b53f0bc6e964edc578ebb600894658189700883f78625dc4ea78d6390,read_complete,coverage-backend-services.csv,Full authored content reviewed; empty modules classified where applicable
backend/app/services/attention_notices.py,89,ee05aba89291bb22677a7837bab416ea80b023f539db92e78fc66e64c2f3de81,read_complete,coverage-backend-services.csv,Full authored content reviewed; empty modules classified where applicable
backend/app/services/auto_apply_queue.py,495,df369a1ed7ba2d99f2fa78c4145e9385a1aed7d486132184563da004540ee994,read_complete,coverage-backend-services.csv,Full authored content reviewed; empty modules classified where applicable
backend/app/services/auto_apply_service.py,252,ae83df2e7eacfc42ecd6f34399b909a293a9a6880e7b1df362cfeaebfead9d2d,read_complete,coverage-backend-services.csv,Full authored content reviewed; empty modules classified where applicable
backend/app/services/browser_control_service.py,216,0a7c45cd32e282968588039925904b32f5e9df06eefca0de391e765cc6ecb46c,read_complete,coverage-backend-services.csv,Full authored content reviewed; empty modules classified where applicable
backend/app/services/browser_logger.py,153,d1863a2dab6ddea7bc1c9078fee3f7197cbcc88153ea8754d4b2256ac290ce43,read_complete,coverage-backend-services.csv,Full authored content reviewed; empty modules classified where applicable
backend/app/services/computer_service.py,277,88822a7ec4472cf46ec2ae1214e8c27cf10b3664a716c3c57d63a298e32b0327,read_complete,coverage-backend-services.csv,Full authored content reviewed; empty modules classified where applicable
backend/app/services/copilot_history.py,162,f6e5657edac3e43b50b9808e6ea3f0114140512c20a2fc4af603d2d9d5e64e8c,read_complete,coverage-backend-services.csv,Full authored content reviewed; empty modules classified where applicable
backend/app/services/daily_summary.py,127,81b22a797de8d8fb97002a7d91a735365189563df014570885e565e63d7eef88,read_complete,coverage-backend-services.csv,Full authored content reviewed; empty modules classified where applicable
backend/app/services/data_export_service.py,130,ab22a4eaecc1fd8c5f3ec4b0f927f9a884446b7b5bae19ab1c0955dc1fab641f,read_complete,coverage-backend-services.csv,Full authored content reviewed; empty modules classified where applicable
backend/app/services/decision_engine.py,210,74ef5e0a2ef3e134ec75bcedf91521c257d7542da552c5fde0912e48812fe8aa,read_complete,coverage-backend-services.csv,Full authored content reviewed; empty modules classified where applicable
backend/app/services/document_cleanup.py,107,151e4810137e213b31e8040df533eba0a3f81772524e1a018c3143658c7ec2f9,read_complete,coverage-backend-services.csv,Full authored content reviewed; empty modules classified where applicable
backend/app/services/document_parsing.py,106,d07ca65b3642dc8663a10c913456d08119f1e4011a1b016e9a8b24009fbb2116,read_complete,coverage-backend-services.csv,Full authored content reviewed; empty modules classified where applicable
backend/app/services/drive_service.py,61,4f033858aa28beb874d1837a0e8ea57385ef76fc9d31feb2a63e4a02d2a4f454,read_complete,coverage-backend-services.csv,Full authored content reviewed; empty modules classified where applicable
backend/app/services/email_answers.py,270,4d203993e86aa7e5cabdf422e2c6abd0afc425e9ab55f4494218c9ae70708895,read_complete,coverage-backend-services.csv,Full authored content reviewed; empty modules classified where applicable
backend/app/services/email_finder_service.py,209,dd4fbb86ac9eafdf5d7e09189ff6f2e061232ed8d6f44094d4ff25687212f0a4,read_complete,coverage-backend-services.csv,Full authored content reviewed; empty modules classified where applicable
backend/app/services/exa_service.py,100,2a99b11944630c963480ede2b7eccc5217e8e63b5795e5a83a08b2bf6deb1c2f,read_complete,coverage-backend-services.csv,Full authored content reviewed; empty modules classified where applicable
backend/app/services/extension_service.py,426,a687e827167414c85f139aa425b2d03cf0232c0b27a87bb55c3b3b3ae2790a59,read_complete,coverage-backend-services.csv,Full authored content reviewed; empty modules classified where applicable
backend/app/services/form_filler_service.py,212,63dea6df823e73389b3dd9eede2b4591e169ea7ae0d33743a98a70925dc682de,read_complete,coverage-backend-services.csv,Full authored content reviewed; empty modules classified where applicable
backend/app/services/funding_signals.py,107,9a52ec1e2e54987bc8700e4a3fd7d041841743b2b8f24bf2f3f7840cdd9ed3f5,read_complete,coverage-backend-services.csv,Full authored content reviewed; empty modules classified where applicable
backend/app/services/github_profile.py,344,f449fafa0ab0dfaf14bf380d82cb86b8f90169ef2e074564b4f2437323411ace,read_complete,coverage-backend-services.csv,Full authored content reviewed; empty modules classified where applicable
backend/app/services/gmail_service.py,230,6305f9491c6540ead49df6b26d5b64c2f52f583dae2dd412fdb1788f89b555c9,read_complete,coverage-backend-services.csv,Full authored content reviewed; empty modules classified where applicable
backend/app/services/indian_platforms_service.py,417,807c84c90a71fa24eb1d70a01501db77710bf9d2cd2c723202f62e93358005d3,read_complete,coverage-backend-services.csv,Full authored content reviewed; empty modules classified where applicable
backend/app/services/integration_proxy_service.py,68,21af0ad9d8f7cf0237ea6ed750370ae1070f6287fcf04b07316898f7bc05dd16,read_complete,coverage-backend-services.csv,Full authored content reviewed; empty modules classified where applicable
backend/app/services/job_catalog.py,406,9b1303ae599cd82af4bfd1574e28d9a167a2c5918b068f762d583123a1eb3764,read_complete,coverage-backend-services.csv,Full authored content reviewed; empty modules classified where applicable
backend/app/services/job_connectors.py,823,ea80db9e4bd34b64efe332f36bda61cd6e21fc1b68aa838fe02adc8ea085bab7,read_complete,coverage-backend-services.csv,Full authored content reviewed; empty modules classified where applicable
backend/app/services/job_matching.py,191,ee40694a3f07ffc275d2db7a9a14e2c9ca1dbe63e3454611b1f37563f28ef331,read_complete,coverage-backend-services.csv,Full authored content reviewed; empty modules classified where applicable
backend/app/services/job_platforms_service.py,227,04cb7304ef6cc38e78212ceb4171a805b5d7b94079c1a2991740123fad5fc37d,read_complete,coverage-backend-services.csv,Full authored content reviewed; empty modules classified where applicable
backend/app/services/job_search_service.py,288,2e353b71cecc7191036ad7d9c861fe2484bbc94d3d0b68ac5e67f7cb5ea720d9,read_complete,coverage-backend-services.csv,Full authored content reviewed; empty modules classified where applicable
backend/app/services/job_sources.json,1112,65d3a72c3b6ebcdbf1871ea5a76e0b12a8e781b1683260d4820688aeb1d00821,read_complete,coverage-backend-services.csv,Full authored content reviewed; empty modules classified where applicable
backend/app/services/jobs_database.py,17,d5b1987ffa20b0440ebb2e085e88e944dbadb23902853a51a290c6ed3370ce33,read_complete,coverage-backend-services.csv,Full authored content reviewed; empty modules classified where applicable
backend/app/services/linkedin_outreach_service.py,61,ab0512e0e7193eb64ed1cbedb6c7814a5195b95a2f5f7854c4ca188cdc5d1af4,read_complete,coverage-backend-services.csv,Full authored content reviewed; empty modules classified where applicable
backend/app/services/linkedin_profile.py,195,c85364daaa79f60ba7e3a18c093c75c9821563de5f619c5c990416d0eb9a3f0d,read_complete,coverage-backend-services.csv,Full authored content reviewed; empty modules classified where applicable
backend/app/services/llm_proxy_service.py,80,38dfc84a57ba9217f9a6b724b864ef3fa2e471dea26b81bc14c74b358da359eb,read_complete,coverage-backend-services.csv,Full authored content reviewed; empty modules classified where applicable
backend/app/services/notification_service.py,182,4d844460251ce3cdc080bda0880c77c19d2e9f8e400d3bdbe393b5c5fd03d1a8,read_complete,coverage-backend-services.csv,Full authored content reviewed; empty modules classified where applicable
backend/app/services/outreach_service.py,690,50b05483f07e915b53a3a8395801d15c291237ddf830f0b30c0760360fb4a118,read_complete,coverage-backend-services.csv,Full authored content reviewed; empty modules classified where applicable
backend/app/services/pdf_service.py,815,e935c65a133ad4103abbedb86e71bce58953e9d5be79345443d7a7a30dad8284,read_complete,coverage-backend-services.csv,Full authored content reviewed; empty modules classified where applicable
backend/app/services/proxycurl_service.py,90,b08c23917e1263de317c92dfa2826ed8577f0f0a21fa2f03ad5dcd562bbe5e6d,read_complete,coverage-backend-services.csv,Full authored content reviewed; empty modules classified where applicable
backend/app/services/public_http.py,82,842f1c5284337e47b228d0908477b328cb30c3038c2918f60ddbe515c667998a,read_complete,coverage-backend-services.csv,Full authored content reviewed; empty modules classified where applicable
backend/app/services/rag_service.py,330,13fff98e923a792ede35abd593ab145f4d64f1c7346a4472e0b52da58211a9d5,read_complete,coverage-backend-services.csv,Full authored content reviewed; empty modules classified where applicable
backend/app/services/recruiter_email.py,465,ab1aa9eb185637aba0e76a4438de7a88736a8624d81e08bcb3763240e7bdb03f,read_complete,coverage-backend-services.csv,Full authored content reviewed; empty modules classified where applicable
backend/app/services/resend_service.py,97,dd12f476295f4eacf7004e5690caa9aa2e20fcdcbc1d1500e003f9b0567af4a8,read_complete,coverage-backend-services.csv,Full authored content reviewed; empty modules classified where applicable
backend/app/services/resume_export.py,156,4dcf902a06768cc38ae72107ded07e5cfe119cc14661a9cfd10e6da400c7b085,read_complete,coverage-backend-services.csv,Full authored content reviewed; empty modules classified where applicable
backend/app/services/resume_facts.py,297,5fdc161a4a9530a45a2856acfa9feb989b631cef4254b8fb41d27d11b0226c73,read_complete,coverage-backend-services.csv,Full authored content reviewed; empty modules classified where applicable
backend/app/services/resume_grounding.py,86,e4441ec109929a90a41e14eca713c8fea5ab184a7c74b79a1888bb17e2be6870,read_complete,coverage-backend-services.csv,Full authored content reviewed; empty modules classified where applicable
backend/app/services/resume_structure.py,1124,dbd9e6769013416db3aeacf6efef6e111a73558a466062a40d0839e5d9b518bc,read_complete,coverage-backend-services.csv,Full authored content reviewed; empty modules classified where applicable
backend/app/services/resume_version.py,7,db1c6dc05d3ff55d5d480e3966174b8f99c8a76d652f152161185285329c0fcd,read_complete,coverage-backend-services.csv,Full authored content reviewed; empty modules classified where applicable
backend/app/services/scheduled_jobs.py,610,c9f8c94a435ad4602f81b2885e6d88c7589eef00353d7a1bb16d81aab9199fbb,read_complete,coverage-backend-services.csv,Full authored content reviewed; empty modules classified where applicable
backend/app/services/search_basis.py,131,9e0d285178365c48fc9c91d94217698ef386e18ef966141459166da6b79bb38d,read_complete,coverage-backend-services.csv,Full authored content reviewed; empty modules classified where applicable
backend/app/services/search_presets.py,575,2f372b1c83b92f981b3571c0ba3fb1144f05c626f3f645e34fabae2ce0086f79,read_complete,coverage-backend-services.csv,Full authored content reviewed; empty modules classified where applicable
backend/app/services/storage_service.py,127,f07dcb62fe6b604fafddfa485773b2d10956c617c58461c6050d9a2526fafc5f,read_complete,coverage-backend-services.csv,Full authored content reviewed; empty modules classified where applicable
backend/app/services/token_budget_service.py,85,04d6b6608262bb3ee10b5dcfcf1a79fb5e6ff119c913d565691ab93f42a9be77,read_complete,coverage-backend-services.csv,Full authored content reviewed; empty modules classified where applicable
backend/app/services/web_research.py,191,24d2acd4060a3042abc1e1818da245ae6d6e1421c6e39075186ff2ea9045d0f5,read_complete,coverage-backend-services.csv,Full authored content reviewed; empty modules classified where applicable
backend/app/services/workflow_service.py,356,53b9e5adb154f2b6491c163c51f2c30b96cb8c12ff836a32385ef272a397e3de,read_complete,coverage-backend-services.csv,Full authored content reviewed; empty modules classified where applicable
backend/app/services/youtube_service.py,101,2b7f6d30e3911885d50c9af187bf79b040615ed3068154433ebc873dc1c11849,read_complete,coverage-backend-services.csv,Full authored content reviewed; empty modules classified where applicable
backend/app/temporal_worker.py,65,cbc6e4e6777b3197e56667600b6416d4ae5e6e6b3eb8b8b3b3745a9ae51e3ba2,read_complete,coverage-backend-boundaries.csv,Full authored content reviewed; empty modules classified where applicable
backend/app/tools/__init__.py,6,c0808aa6ab5d5b2c4929df83de4337db0a601d3dbb48e8705d52b8e0bdcb208a,read_complete,coverage-backend-services.csv,Full authored content reviewed; empty modules classified where applicable
backend/app/tools/platform_detector.py,102,b4355fee58bee3bcae10a0a06c52059e870231d8accd69edd1102fa6a9f5c0d3,read_complete,coverage-backend-services.csv,Full authored content reviewed; empty modules classified where applicable
backend/app/workflows/__init__.py,0,e3b0c44298fc1c149afbf4c8996fb92427ae41e4649b934ca495991b7852b855,read_complete,coverage-backend-boundaries.csv,Full authored content reviewed; empty modules classified where applicable
backend/app/workflows/activities.py,209,4c46838be6e0fac462a013247d9c069540a75bff8946c89bebfed143bac48e01,read_complete,coverage-backend-boundaries.csv,Full authored content reviewed; empty modules classified where applicable
backend/app/workflows/agent_activities.py,152,c4118aea7c7a9d8f678d23eadbce89e56566b04eea889eaf8a97a0503a6a5067,read_complete,coverage-backend-boundaries.csv,Full authored content reviewed; empty modules classified where applicable
backend/app/workflows/agent_run.py,143,ed5aa06de591d54b81b475ce4179162f1c6288299ec587c7ec647dd9d973e501,read_complete,coverage-backend-boundaries.csv,Full authored content reviewed; empty modules classified where applicable
backend/app/workflows/auto_apply.py,226,794d8f17bf41e21e1b44b885c493b48932b02e8e53fd01b1b252819f23d64574,read_complete,coverage-backend-boundaries.csv,Full authored content reviewed; empty modules classified where applicable
backend/app/workflows/extension_activities.py,266,a7486ea105082cd2fcfcf95576691fbe10201bbb187e92d4fa1bff47976799d2,read_complete,coverage-backend-boundaries.csv,Full authored content reviewed; empty modules classified where applicable
backend/app/workflows/followup.py,54,5624a0b3034eefeb478b3d61900006c83c3e6085857c386b7ede2d60e7fd7635,read_complete,coverage-backend-boundaries.csv,Full authored content reviewed; empty modules classified where applicable
backend/app/workflows/job_activities.py,330,efd4605af0c942c5892101e3488cb4c6663e0ff4e98b8186b31c54bb4cd5588a,read_complete,coverage-backend-boundaries.csv,Full authored content reviewed; empty modules classified where applicable
backend/app/workflows/job_search.py,47,2591d048fca9bf27c914a48152a57a1fa7b6364977bd01720151ea58add82501,read_complete,coverage-backend-boundaries.csv,Full authored content reviewed; empty modules classified where applicable
backend/app/workflows/notification_activities.py,144,53da538aae2588be6c650bc7621b668d1f66f9315324f77829e26b6406b9f579,read_complete,coverage-backend-boundaries.csv,Full authored content reviewed; empty modules classified where applicable
backend/app/workflows/notification_registry.py,24,5bf57cce7675efe3b078897ca222e6fe79e29e0e9a8b0025b9c9d2ce53746ff8,read_complete,coverage-backend-boundaries.csv,Full authored content reviewed; empty modules classified where applicable
backend/app/workflows/notification_workflow.py,83,0716b2cd65d53a0706b322c4d1fc12f607432e1e0480cb43ded1128273634714,read_complete,coverage-backend-boundaries.csv,Full authored content reviewed; empty modules classified where applicable
backend/app/workflows/registry.py,87,4805394c2cb1b894b0aeb2a429a6f57b3710c81a20d8a32eb5d8fa190a3cbb0e,read_complete,coverage-backend-boundaries.csv,Full authored content reviewed; empty modules classified where applicable
backend/app/workflows/scheduled.py,273,0662234d6a74c479a1659250e0ce6719e28c40f0cf7d6dae82bc94ac0266fd1b,read_complete,coverage-backend-boundaries.csv,Full authored content reviewed; empty modules classified where applicable
backend/app/workflows/starters.py,242,91c8f8d77ffb424956a30a3789ee3f50527e05defe7ac6213c5e25f2c8fa7092,read_complete,coverage-backend-boundaries.csv,Full authored content reviewed; empty modules classified where applicable
backend/constraints.txt,21,61a50f50bc61e4e356af95a6bc31856006758e105ea1d27cea8c0a40df49bbdb,read_complete,coverage-infrastructure.csv,Full authored content reviewed; empty modules classified where applicable
backend/memory/__init__.py,12,c77250c086fa10a4c0c6469c2ac37c1b0a7f11b9b80c2fdc28423eada659481d,read_complete,coverage-backend-services.csv,Full authored content reviewed; empty modules classified where applicable
backend/memory/embedder.py,205,7cf84c73f65982af824381197bfc21904eaf77bb3c8ba1a4702f834fb9553bb8,read_complete,coverage-backend-services.csv,Full authored content reviewed; empty modules classified where applicable
backend/memory/extractor.py,95,11b7507ef5aed0452475e94dcd2f48f2a326844271b0fef1af106723d9027930,read_complete,coverage-backend-services.csv,Full authored content reviewed; empty modules classified where applicable
backend/memory/manager.py,630,eec38d3fa80eb4ad1bc78665c59149cccf4d5b9033bb42024558b2fd15d1519e,read_complete,coverage-backend-services.csv,Full authored content reviewed; empty modules classified where applicable
backend/memory/models.py,72,7648f8f46ccd262937fffdefcd9c6c4b5f8b8987e03ee828c3bfa1dedf964fd4,read_complete,coverage-backend-services.csv,Full authored content reviewed; empty modules classified where applicable
backend/memory/routes.py,185,e4985811848c7863e05d2febab901a560cf3352c72cf5e153c49270051e5a11a,read_complete,coverage-backend-services.csv,Full authored content reviewed; empty modules classified where applicable
backend/memory/schemas.sql,57,cd4c50cf5c0496e9d2a5642749faec4a47b8f64caa41e921ad865ef50469844b,read_complete,coverage-backend-services.csv,Full authored content reviewed; empty modules classified where applicable
backend/memory/tests/__init__.py,0,e3b0c44298fc1c149afbf4c8996fb92427ae41e4649b934ca495991b7852b855,read_complete,coverage-backend-services.csv,Full authored content reviewed; empty modules classified where applicable
backend/memory/tests/test_embedder.py,39,374e24108c5f036acdf2ade19fbdf7c5bdccb01338de454e7dad10b1277991c1,read_complete,coverage-backend-services.csv,Full authored content reviewed; empty modules classified where applicable
backend/memory/tests/test_manager.py,421,4aedb410ebd3297571b8997474671bed89e2a9b33932124a3d913a5ce418801c,read_complete,coverage-backend-services.csv,Full authored content reviewed; empty modules classified where applicable
backend/provider-tools.txt,5,7e7797e96c158e7ca415edc1cfd6c0baf99f433e83be408cf6eada49e0c0dcf5,read_complete,coverage-infrastructure.csv,Full authored content reviewed; empty modules classified where applicable
backend/pyproject.toml,36,84b634cbe7e4bee190e5ede8145a2b44cfb70c4557142a7cf79ce1f6958fef91,read_complete,coverage-infrastructure.csv,Full authored content reviewed; empty modules classified where applicable
backend/requirements.lock,771,1d5470ed187029a34d0130b4b7a379d5ba6eee400caf46a1cc232f53c3d4a206,excluded,coverage-infrastructure.csv,backend-config
backend/requirements.txt,124,41b9d7ec6cdb99efbbcbd48ffb067e4562973c64c1e42d4b872bba46090cee59,read_complete,coverage-infrastructure.csv,Full authored content reviewed; empty modules classified where applicable
backend/tests/__init__.py,0,e3b0c44298fc1c149afbf4c8996fb92427ae41e4649b934ca495991b7852b855,read_complete,coverage-backend-nonunit-tests.csv,Full authored content reviewed; empty modules classified where applicable
backend/tests/conftest.py,57,ca0da87ad1e99547ab0bde8c68146e1ddd8a3a0f58cce0ba12f01aa54d60475f,read_complete,coverage-backend-nonunit-tests.csv,Full authored content reviewed; empty modules classified where applicable
backend/tests/e2e/__init__.py,0,e3b0c44298fc1c149afbf4c8996fb92427ae41e4649b934ca495991b7852b855,read_complete,coverage-backend-nonunit-tests.csv,Full authored content reviewed; empty modules classified where applicable
backend/tests/e2e/conftest.py,347,6279ff2639ce1aba559f17ca4d20c9d11c13a64bb682b99a115033c37fb5033c,read_complete,coverage-backend-nonunit-tests.csv,Full authored content reviewed; empty modules classified where applicable
backend/tests/e2e/run_tests.sh,155,599995b7e83a83d27f47e6fc619618f22b75fead1c26a8ddb6c6145627326d00,read_complete,coverage-backend-nonunit-tests.csv,Full authored content reviewed; empty modules classified where applicable
backend/tests/e2e/screen_manifest.py,28,c91ee3db2345ccf59c2fb4a2045b8f5f2f393ebae62849354c73b19112270e3e,read_complete,coverage-backend-nonunit-tests.csv,Full authored content reviewed; empty modules classified where applicable
backend/tests/e2e/test_agent_matrix.py,438,97969aa37f75f0270890f8ec21643d6717ca03010d2bfd265428a2ae8349b1c0,read_complete,coverage-backend-nonunit-tests.csv,Full authored content reviewed; empty modules classified where applicable
backend/tests/e2e/test_careercraft_full.py,1079,3dbf3d0db5afd18d32b7fcb93b7351c6b773d8c5862e6b1caf0d1da37bcf30c6,read_complete,coverage-backend-nonunit-tests.csv,Full authored content reviewed; empty modules classified where applicable
backend/tests/e2e/test_harness_contract.py,33,49a5e6ca0cb20afd84682992069707b969322357106573f77c4f8864b8619727,read_complete,coverage-backend-nonunit-tests.csv,Full authored content reviewed; empty modules classified where applicable
backend/tests/e2e/test_live_screen_smoke.py,150,18aca476fc6a594a9a3ba45e28b1aa690b9ea158d344cfa903905e854c3dd8a5,read_complete,coverage-backend-nonunit-tests.csv,Full authored content reviewed; empty modules classified where applicable
backend/tests/e2e/test_live_user_journeys.py,1125,2fb91f0826b14f60bca1e768a955d4a694463492099b9751d2c079c01637c2cc,read_complete,coverage-backend-nonunit-tests.csv,Full authored content reviewed; empty modules classified where applicable
backend/tests/fixtures/ats/ashby_apply.html,39,5b0bf24cdba97c63276785399ac8ee49325bf090314ed287a78d2c77bc57feee,read_complete,coverage-backend-nonunit-tests.csv,Full authored content reviewed; empty modules classified where applicable
backend/tests/fixtures/ats/generic_apply.html,12,d3c7e749382ecf27978b6165dd0e8c0a56a832b3022bda2408c2efa66fa61c7c,read_complete,coverage-backend-nonunit-tests.csv,Full authored content reviewed; empty modules classified where applicable
backend/tests/fixtures/ats/greenhouse_apply.html,54,9112d04519f200fe52cee9b16ec655000511147765f9090a74643a280690f79f,read_complete,coverage-backend-nonunit-tests.csv,Full authored content reviewed; empty modules classified where applicable
backend/tests/fixtures/ats/lever_apply.html,52,affa5005a20b46ceb58210abcedccca7ae8c6c44e31f91754b061f10b6672a27,read_complete,coverage-backend-nonunit-tests.csv,Full authored content reviewed; empty modules classified where applicable
backend/tests/fixtures/b_extension_approval_check.sql,12,e7e7e9d9d4d0efb59f4caf93e49a4b200342f3dd6da18e71def220824db94047,read_complete,coverage-backend-nonunit-tests.csv,Full authored content reviewed; empty modules classified where applicable
backend/tests/fixtures/b_extension_approval_rollback_check.sql,7,f2a9dea56e0da89749968a5b113bbeb12915997ad3e1772cd2c306b506c511aa,read_complete,coverage-backend-nonunit-tests.csv,Full authored content reviewed; empty modules classified where applicable
backend/tests/fixtures/b_extension_approval_setup.sql,3,f965f13036cdb2357bf6aa235f66e241b29a23a5c6673f3f48150b7a4beb7f2c,read_complete,coverage-backend-nonunit-tests.csv,Full authored content reviewed; empty modules classified where applicable
backend/tests/fixtures/b_jobs_check.sql,16,1993fc61acd4b8e091be40ea17c524ad135f363f6080c850abb0e3b6230cf252,read_complete,coverage-backend-nonunit-tests.csv,Full authored content reviewed; empty modules classified where applicable
backend/tests/fixtures/b_jobs_rollback_check.sql,4,a68c3cd24c79e3b5c044d01130d6ce63141b0ae084e2a6b2622ef652867efcd2,read_complete,coverage-backend-nonunit-tests.csv,Full authored content reviewed; empty modules classified where applicable
backend/tests/fixtures/b_jobs_setup.sql,5,333ee9ce576b5b145c8b901333cbb1586ae16510a4bf36d12ecf3ae753b6dbe2,read_complete,coverage-backend-nonunit-tests.csv,Full authored content reviewed; empty modules classified where applicable
backend/tests/fixtures/b_retirement_check.sql,9,2f988f07cbfb313fac8d5e88536cb607c32b70168d07d3f71d8e0e3beade09dd,read_complete,coverage-backend-nonunit-tests.csv,Full authored content reviewed; empty modules classified where applicable
backend/tests/fixtures/b_retirement_rollback_check.sql,8,d698ac96db1a5d5cce871b78831bd7dcc42325f95bd9445a8169d4d3f963ada9,read_complete,coverage-backend-nonunit-tests.csv,Full authored content reviewed; empty modules classified where applicable
backend/tests/fixtures/b_retirement_seed.sql,5,bd7dd5de21a9a0f1d51a3c85babadbff27d5230795e0a1340e4395556977c2a8,read_complete,coverage-backend-nonunit-tests.csv,Full authored content reviewed; empty modules classified where applicable
backend/tests/fixtures/b_retirement_setup.sql,13,b5aab535528ebc48f259225ec560ad17e78e3f2b5f7570edb87da8cc34b9d3b9,read_complete,coverage-backend-nonunit-tests.csv,Full authored content reviewed; empty modules classified where applicable
backend/tests/fixtures/create_test_fixtures.py,258,e8d5a671f9301beb56144efacb45f11d0f2fbfd0d2cfa9f1768b47641fdb1050,read_complete,coverage-backend-nonunit-tests.csv,Full authored content reviewed; empty modules classified where applicable
backend/tests/fixtures/test_resume.pdf,,6a17b8335301c0c743adc293bf9e2a8310cbe4fb6486e8919c61bb8cd1656e67,excluded,coverage-backend-nonunit-tests.csv,backend-test-fixtures
backend/tests/integration/__init__.py,0,e3b0c44298fc1c149afbf4c8996fb92427ae41e4649b934ca495991b7852b855,read_complete,coverage-backend-nonunit-tests.csv,Full authored content reviewed; empty modules classified where applicable
backend/tests/integration/conftest.py,111,0626a7c3cc35a2882cc8f05f4c070ffd74f07c0e91cc3133f2993707d29db18c,read_complete,coverage-backend-nonunit-tests.csv,Full authored content reviewed; empty modules classified where applicable
backend/tests/integration/smoke_test.py,103,d22269dcb258150c493a48792282e5134f2d026a61c85d3d29d7de4b736ebf51,read_complete,coverage-backend-nonunit-tests.csv,Full authored content reviewed; empty modules classified where applicable
backend/tests/integration/test_account_erasure.py,232,ec549bb28a31296b3d71c54d12d6297a932ab7baebd1e9c6ffc19f15caa4232e,read_complete,coverage-backend-nonunit-tests.csv,Full authored content reviewed; empty modules classified where applicable
backend/tests/integration/test_agent_memory_api.py,95,4f49063667c6a67bf2e8ebd4b9f4266200ba8ba24c999e8b032bc20e9ddee8b5,read_complete,coverage-backend-nonunit-tests.csv,Full authored content reviewed; empty modules classified where applicable
backend/tests/integration/test_applications_list.py,303,0aee1be9e04a7a726a90a58467ab43727af6cece8ea29ba0923b335a575f828d,read_complete,coverage-backend-nonunit-tests.csv,Full authored content reviewed; empty modules classified where applicable
backend/tests/integration/test_copilot_admission.py,355,9d5ad50a8f405c626e51893359525793d9dd07ac6ba1b91c680bc6c5afbc5c45,read_complete,coverage-backend-nonunit-tests.csv,Full authored content reviewed; empty modules classified where applicable
backend/tests/integration/test_document_lifecycle.py,447,bad44cde0ff3d0ea050728f361e0fb777ff158ade253be60ae305dffbee476ef,read_complete,coverage-backend-nonunit-tests.csv,Full authored content reviewed; empty modules classified where applicable
backend/tests/integration/test_durable_workflows.py,634,c2d96a7a3d9deb8806430bbd9bf5810e3dc4d913c5a04a95638f6d53bbec9c88,read_complete,coverage-backend-nonunit-tests.csv,Full authored content reviewed; empty modules classified where applicable
backend/tests/integration/test_inbox_status_tracking.py,153,0db1415b88f531b1a8b62d88b212789e9dc657c44b3f835383e01d468774a402,read_complete,coverage-backend-nonunit-tests.csv,Full authored content reviewed; empty modules classified where applicable
backend/tests/integration/test_inline_run_locking.py,130,d9a2bba9623703b5eb8427918f130e7bef90b87d91c646de09e55ba474e99f45,read_complete,coverage-backend-nonunit-tests.csv,Full authored content reviewed; empty modules classified where applicable
backend/tests/integration/test_interview_history.py,73,247200cadc490ac19ce9ff68d4c4bbb1ca5496a44129331d2158dc469cfc108e,read_complete,coverage-backend-nonunit-tests.csv,Full authored content reviewed; empty modules classified where applicable
backend/tests/integration/test_llm_agent_matrix.py,216,af34b32ee1df68883db3f0733b07033dd6f5ac63115f6a563ae8e56d705c2f09,read_complete,coverage-backend-nonunit-tests.csv,Full authored content reviewed; empty modules classified where applicable
backend/tests/integration/test_migration_runner.py,70,b96ed3f404d68d103b357692be0aa869236a788dff67bc346fe7ab93873bae81,read_complete,coverage-backend-nonunit-tests.csv,Full authored content reviewed; empty modules classified where applicable
backend/tests/integration/test_model_settings_db.py,97,ef92fdbccec31c1cd86545d18588fc2917ba1dfbc95fea610a0175f9b1ba6a74,read_complete,coverage-backend-nonunit-tests.csv,Full authored content reviewed; empty modules classified where applicable
backend/tests/integration/test_rag_pipeline.py,60,7a500c668e71b5cf999aa2a081342e859130675db63f0310bbdd8f7923750d7c,read_complete,coverage-backend-nonunit-tests.csv,Full authored content reviewed; empty modules classified where applicable
backend/tests/integration/test_recruiter_outreach.py,787,23f38e172cccb4e7d91940129aa501831a65ca91f17a3b2213182f7d0595dce3,read_complete,coverage-backend-nonunit-tests.csv,Full authored content reviewed; empty modules classified where applicable
backend/tests/integration/test_resume_facts_pg.py,262,bb873442954faea017f02a078cfdae314ab76acc2c2f0923fb44ee5f4c71636b,read_complete,coverage-backend-nonunit-tests.csv,Full authored content reviewed; empty modules classified where applicable
backend/tests/integration/test_rule_tailoring.py,89,fe958e3ccab1765a91319063d33450aab459dcf6aace4a8c8ab352384d31958a,read_complete,coverage-backend-nonunit-tests.csv,Full authored content reviewed; empty modules classified where applicable
backend/tests/security/__init__.py,0,e3b0c44298fc1c149afbf4c8996fb92427ae41e4649b934ca495991b7852b855,read_complete,coverage-backend-nonunit-tests.csv,Full authored content reviewed; empty modules classified where applicable
backend/tests/security/test_api_security.py,191,89f0d5050581d5c3567a3f0228130aa3b0da8e6c60e40a61909f8bc50d9e331a,read_complete,coverage-backend-nonunit-tests.csv,Full authored content reviewed; empty modules classified where applicable
backend/tests/security/test_hitl_bypass_attempts.py,180,97e0459e7f3ee7f2b61382a5442bf42acf5ab3305be3a7ef0218c801fb12cbf1,read_complete,coverage-backend-nonunit-tests.csv,Full authored content reviewed; empty modules classified where applicable
backend/tests/security/test_ollama_ssrf.py,55,5920f94ef12dfdf1fab021413c42120e94f331c3e76a9642fa953c05b73161cc,read_complete,coverage-backend-nonunit-tests.csv,Full authored content reviewed; empty modules classified where applicable
backend/tests/unit/__init__.py,0,e3b0c44298fc1c149afbf4c8996fb92427ae41e4649b934ca495991b7852b855,read_complete,coverage-backend-services-tests.csv,Full authored content reviewed; empty modules classified where applicable
backend/tests/unit/test_account_deletion_service.py,208,aae365cc219ff3e7883c6adba4a64ae50f2dead8a96e007c449584a3cc43f44a,read_complete,coverage-backend-root-tests.csv,Full authored content reviewed; empty modules classified where applicable
backend/tests/unit/test_agent_llm_gateway.py,73,2ff5e4d03017f8f2e4a1102ee4f73cb0fb0840a61ddad46853f02b5f6506db5a,read_complete,coverage-backend-services-tests.csv,Full authored content reviewed; empty modules classified where applicable
backend/tests/unit/test_agent_memory_routes.py,19,c8ca72d3f1cfe87187334279f9034d82a59ea579195e02d7b9c61895497213e0,read_complete,coverage-backend-services-tests.csv,Full authored content reviewed; empty modules classified where applicable
backend/tests/unit/test_agent_run_lifecycle.py,207,b9c8ce0d30b7035a0c887c5d516f6267023dd8d7b0a626eba661f3d0acb2d3ef,read_complete,coverage-backend-root-tests.csv,Full authored content reviewed; empty modules classified where applicable
backend/tests/unit/test_agents_api.py,69,bec4e2c1178d55dcd8141bcd3bb5369dbd4479eb482d7d63ca4395d9c5d0b5c2,read_complete,coverage-backend-root-tests.csv,Full authored content reviewed; empty modules classified where applicable
backend/tests/unit/test_application_status_rules.py,54,c9252323da55efb3e7ce496cf9f1261864d762b34d6c26d92109897a7cbe0c31,read_complete,coverage-backend-services-tests.csv,Full authored content reviewed; empty modules classified where applicable
backend/tests/unit/test_applications.py,335,e8fb434fe04c55d4ee467fb61f53af181b60a4b5e92f157078c87218143d6203,read_complete,coverage-backend-root-tests.csv,Full authored content reviewed; empty modules classified where applicable
backend/tests/unit/test_apply_url.py,61,2e6afc5449fd63d0e6f656356ff53f3287d960635317e6c1db3e7e5727b5eece,read_complete,coverage-backend-services-tests.csv,Full authored content reviewed; empty modules classified where applicable
backend/tests/unit/test_ats_ashby.py,103,74297f3b2987421436810fd8a3ce68abf4d5ef7087dcbd284ff4d2463b170b40,read_complete,coverage-backend-services-tests.csv,Full authored content reviewed; empty modules classified where applicable
backend/tests/unit/test_ats_baseline.py,85,58d6a52e34f154812a21d388a2ec3e1c532d21ed0273485b519f9df7a101018b,read_complete,coverage-backend-services-tests.csv,Full authored content reviewed; empty modules classified where applicable
backend/tests/unit/test_ats_estimator.py,45,4c8d9752e011bc112c043fed942bbbefbebc8ec028fc35053e6ddb0584f64f2b,read_complete,coverage-backend-services-tests.csv,Full authored content reviewed; empty modules classified where applicable
backend/tests/unit/test_ats_generic.py,79,07ad49149b0d8ae1cc7ca189fe1e7c4bafb1edd6a226b716af282b3a4d81d217,read_complete,coverage-backend-services-tests.csv,Full authored content reviewed; empty modules classified where applicable
backend/tests/unit/test_ats_greenhouse.py,124,c357fceee7ccc9493309959ac708e811a52b57f6e2c93b822d8d72c68ca8525e,read_complete,coverage-backend-services-tests.csv,Full authored content reviewed; empty modules classified where applicable
backend/tests/unit/test_ats_lever.py,119,f704334c9abe91fefa8c93107b397e9001b3a6cea3517d7abb502f44f9975840,read_complete,coverage-backend-services-tests.csv,Full authored content reviewed; empty modules classified where applicable
backend/tests/unit/test_ats_service.py,80,b77a0063b65527a9f4e3c5deb56a97ddae56dcb3a1680fbea4969bedd083ecf0,read_complete,coverage-backend-services-tests.csv,Full authored content reviewed; empty modules classified where applicable
backend/tests/unit/test_attention_notices.py,43,d05aeb9a3555bc62dc9302daaacd57c0a177699f0bb72518a47ebe1e93d9b19c,read_complete,coverage-backend-services-tests.csv,Full authored content reviewed; empty modules classified where applicable
backend/tests/unit/test_auto_apply_candidates.py,21,6aa23edb8ff6584d41a68199e5dd4c3db0fa49e29b03d3a893788f52971b2586,read_complete,coverage-backend-services-tests.csv,Full authored content reviewed; empty modules classified where applicable
backend/tests/unit/test_auto_apply_pipeline.py,111,307e3d225b07f40935d68045b4795cf949ba55210c43c6e7cde2887dcc41f3aa,read_complete,coverage-backend-root-tests.csv,Full authored content reviewed; empty modules classified where applicable
backend/tests/unit/test_auto_rule.py,182,81aa9500669d55f7ff96cc53c8b70bae99e9621aaa77d916c188748698e5a026,read_complete,coverage-backend-services-tests.csv,Full authored content reviewed; empty modules classified where applicable
backend/tests/unit/test_b_jobs.py,467,60fb9d69441f22d963c14edbe8ae0dc390d1864db175e052a317ffe1f9123961,read_complete,coverage-backend-services-tests.csv,Full authored content reviewed; empty modules classified where applicable
backend/tests/unit/test_browser_use_naukri.py,365,63a63c91001223c3109f12ce9fc75455fe8aae188cebb7c52cf9e957c2f7630b,read_complete,coverage-backend-services-tests.csv,Full authored content reviewed; empty modules classified where applicable
backend/tests/unit/test_bug_fixes_pbt.py,150,62a42b954fe2f6b2febb79a3a12ee34ae93b622be4fbca19ad82bbffccba5b16,read_complete,coverage-backend-services-tests.csv,Full authored content reviewed; empty modules classified where applicable
backend/tests/unit/test_catalog_first_search.py,335,5c4322549f6e2d8879cd5f299d872475c79747166ab7a7a70ae21941bb6def47,read_complete,coverage-backend-services-tests.csv,Full authored content reviewed; empty modules classified where applicable
backend/tests/unit/test_changed_python_format.py,75,58b178b0250e5753cc7a7b909e6bb4d46d30ba834ef193d1ed175bf4c0db68e8,read_complete,coverage-backend-services-tests.csv,Full authored content reviewed; empty modules classified where applicable
backend/tests/unit/test_changed_python_lint.py,158,2ecfc9aab135b36473d04c149a4dd5a53fedae3433a8ee1879989aa61494507e,read_complete,coverage-backend-services-tests.csv,Full authored content reviewed; empty modules classified where applicable
backend/tests/unit/test_chat_orchestrator.py,656,20192aeda0f7a8a866f54e92422df6256538fd2f59ad626fbc80a0b81a3f47bc,read_complete,coverage-backend-services-tests.csv,Full authored content reviewed; empty modules classified where applicable
backend/tests/unit/test_clerk_identity.py,56,bb2174ba2b1b26b8e33ecb8c36e1856dfaf34507201260fe9cc581563675d81b,read_complete,coverage-backend-services-tests.csv,Full authored content reviewed; empty modules classified where applicable
backend/tests/unit/test_clerk_profile_provisioning.py,108,7608a07aaf2b74efed90a7c5840bc18a28d5bb424afefe6e34dc5442badc2b19,read_complete,coverage-backend-services-tests.csv,Full authored content reviewed; empty modules classified where applicable
backend/tests/unit/test_client_error_sanitization.py,25,354eb9073dc3310c7c2024e646fee589caaefa0ab5fbe425227a66c242ace507,read_complete,coverage-backend-services-tests.csv,Full authored content reviewed; empty modules classified where applicable
backend/tests/unit/test_company_research.py,202,5ae48a31c9e141951d9985e6f0e64a22f60be0c150a3b096367de6bb2889562a,read_complete,coverage-backend-services-tests.csv,Full authored content reviewed; empty modules classified where applicable
backend/tests/unit/test_computer.py,259,c61a62d1271e70c4763ae0c0cd39ef941936b63ee93a2f7e556e70f511de6b9e,read_complete,coverage-backend-services-tests.csv,Full authored content reviewed; empty modules classified where applicable
backend/tests/unit/test_computer_erasure.py,91,eb59c50cffbb9f671a153e6b2662b6fe9ea8530cc375f02ddef8d44b4ada4da9,read_complete,coverage-backend-services-tests.csv,Full authored content reviewed; empty modules classified where applicable
backend/tests/unit/test_config.py,24,bfe5b66bb46d319ae98c32f35bb1fad85d3291ec20bf49cab67f3180b1c6fd66,read_complete,coverage-backend-services-tests.csv,Full authored content reviewed; empty modules classified where applicable
backend/tests/unit/test_cover_letter_agent.py,166,2ce79a4cc9a09475aede3df340305678e1b40e669b7a6e7d44caac6a1f86fd12,read_complete,coverage-backend-services-tests.csv,Full authored content reviewed; empty modules classified where applicable
backend/tests/unit/test_cover_letter_tones.py,17,6f09089a2d5dc456418ae1c52082d69938d07448ef810213765e2cfc02a9b576,read_complete,coverage-backend-services-tests.csv,Full authored content reviewed; empty modules classified where applicable
backend/tests/unit/test_daily_search_opt_in.py,28,ca99ad6bf601cd803cfb67b2a7b993b9b09a5dc15acdeca31fdce83a544c7662,read_complete,coverage-backend-services-tests.csv,Full authored content reviewed; empty modules classified where applicable
backend/tests/unit/test_daily_summary.py,28,a14b5021e0a925900c63be10bad57dbfe48bde62a7bf1f431b7d12ca886148c7,read_complete,coverage-backend-services-tests.csv,Full authored content reviewed; empty modules classified where applicable
backend/tests/unit/test_data_export_service.py,127,48fbf13792df20ba763a52edbca687851373a179696856c02c49e48d14675407,read_complete,coverage-backend-services-tests.csv,Full authored content reviewed; empty modules classified where applicable
backend/tests/unit/test_database_config.py,33,6b40f9fd1dc96468352a7a0dbcc1573876d268f1fc4418e7fda23f64e9fac640,read_complete,coverage-backend-services-tests.csv,Full authored content reviewed; empty modules classified where applicable
backend/tests/unit/test_demo_api.py,156,ecf97a90a5a190091c52a9720255bd45548d386cf630bc69d6e55190c940bb83,read_complete,coverage-backend-services-tests.csv,Full authored content reviewed; empty modules classified where applicable
backend/tests/unit/test_deps.py,129,78702943c804d9fb66b2d5688e219fb091379bd3750f9fd007a40a3fbb782761,read_complete,coverage-backend-services-tests.csv,Full authored content reviewed; empty modules classified where applicable
backend/tests/unit/test_document_limits.py,49,86cb6a5326f14eecf4e0bdb91aa780ae4b7594f38d562c54d753406796ef41a0,read_complete,coverage-backend-services-tests.csv,Full authored content reviewed; empty modules classified where applicable
backend/tests/unit/test_edge_cases.py,516,b2a933ac5c64658ba970dcb6cb4be9f2be692df6b3e787a74f8dd8f0dfd2540f,read_complete,coverage-backend-services-tests.csv,Full authored content reviewed; empty modules classified where applicable
backend/tests/unit/test_email_agent.py,107,1be6c4f466ac2c623f17454f0e5a9cb922968f03a5253df4303feddc94dd43ae,read_complete,coverage-backend-services-tests.csv,Full authored content reviewed; empty modules classified where applicable
backend/tests/unit/test_email_answers.py,80,6ad00b173bbe0f0242f621610661e09dae0145c4845e19c188193675001f8ce1,read_complete,coverage-backend-services-tests.csv,Full authored content reviewed; empty modules classified where applicable
backend/tests/unit/test_email_draft_deletion.py,51,46791adba9b93f53f2398a3e6caf24cdcd9ec7d3d0ee90b2fee55853687200f3,read_complete,coverage-backend-services-tests.csv,Full authored content reviewed; empty modules classified where applicable
backend/tests/unit/test_email_monitor_scan.py,76,7e4938f3cd44fda85129fae4f7ec079a43eb7fc0bf4a17ee22ca1d9245f1cf2c,read_complete,coverage-backend-services-tests.csv,Full authored content reviewed; empty modules classified where applicable
backend/tests/unit/test_enhancement_pbt.py,199,583d72e58615b907ac4d8ef7848da66390066a69b0cb13a2cca62a217b4db608,read_complete,coverage-backend-services-tests.csv,Full authored content reviewed; empty modules classified where applicable
backend/tests/unit/test_export_sheet.py,97,77707046a1b7b0f9889c0441c8de1c366f67dcf5dced48e89adb8bf892eac52d,read_complete,coverage-backend-services-tests.csv,Full authored content reviewed; empty modules classified where applicable
backend/tests/unit/test_extension_backend.py,288,0ae7d49fe6f2e531e22a734744b759ecda597c881d81fc6d949d3b4b9ce06ba0,read_complete,coverage-backend-root-tests.csv,Full authored content reviewed; empty modules classified where applicable
backend/tests/unit/test_extension_only_execution.py,57,c4375054cd713838651c44b838811cdb4042db8b725175c5fbe973f54a6baae8,read_complete,coverage-backend-root-tests.csv,Full authored content reviewed; empty modules classified where applicable
backend/tests/unit/test_extension_package.py,31,69a623e06b2fbdb8503201f96ec2b89b4e4a82c30d7a8cfdca90d3ad6b6d467d,read_complete,coverage-backend-root-tests.csv,Full authored content reviewed; empty modules classified where applicable
backend/tests/unit/test_extension_submit_gate.py,229,ad45082090989e736b374ea24bef22d5621725831088614b9722e885df75ab59,read_complete,coverage-backend-root-tests.csv,Full authored content reviewed; empty modules classified where applicable
backend/tests/unit/test_fixes_e2e.py,841,be0b918e37e7972f03b5aa9cc49a4e3816fe35b5d452440f45b7b67600e6664b,read_complete,coverage-backend-unit-f-m.csv,Full authored content reviewed; empty modules classified where applicable
backend/tests/unit/test_followup_agent.py,322,50ae5cd2501adc056839ebb91300e724123f88b0ca020e59687314464566c69e,read_complete,coverage-backend-unit-f-m.csv,Full authored content reviewed; empty modules classified where applicable
backend/tests/unit/test_funding_signals.py,67,8b513f003aed0495bf8bd4afffbcfcb1f0cebd0e9b0e0aae29577e711c2bdca3,read_complete,coverage-backend-unit-f-m.csv,Full authored content reviewed; empty modules classified where applicable
backend/tests/unit/test_gateway_transport.py,112,47c1db131cd44ddb9d9ac3b336a9dc79da7a744c3168ee1aaf407412fe667450,read_complete,coverage-backend-unit-f-m.csv,Full authored content reviewed; empty modules classified where applicable
backend/tests/unit/test_getro_google_sources.py,165,18560244dc473d5e2c93a89abe1c05371603e6532f8d2d6e1ef98ad29b1dc3d7,read_complete,coverage-backend-unit-f-m.csv,Full authored content reviewed; empty modules classified where applicable
backend/tests/unit/test_hitl_approval.py,66,0a643053923b495caaad7a50e577e0687e95542fafe6b4a8aff8d7cf73aa7f0b,read_complete,coverage-backend-unit-f-m.csv,Full authored content reviewed; empty modules classified where applicable
backend/tests/unit/test_hitl_flow.py,263,0b2ac4f8350043da2ce1ae10e6a71bf5c8c742bb2290d493c625cc0db9266669,read_complete,coverage-backend-unit-f-m.csv,Full authored content reviewed; empty modules classified where applicable
backend/tests/unit/test_inbox_notification.py,39,c885e65184e9dbf471815e16b0b5010e43127e1fb6b7d968d70bddcb81598d81,read_complete,coverage-backend-unit-f-m.csv,Full authored content reviewed; empty modules classified where applicable
backend/tests/unit/test_integrations_gateway.py,424,89e112e04d9f43699fa4238850babcac79ca546305ce9c87d19b86188a847c46,read_complete,coverage-backend-unit-f-m.csv,Full authored content reviewed; empty modules classified where applicable
backend/tests/unit/test_interview_coach.py,267,add8467d3722ea42a03dc88689cb34e4103fbb934379f1a376dedb1a169ffb7e,read_complete,coverage-backend-unit-f-m.csv,Full authored content reviewed; empty modules classified where applicable
backend/tests/unit/test_interview_coach_agent.py,107,467bb2a384aa006b5fe815a737d2b207d107be8553454ebdb99efea565c6720c,read_complete,coverage-backend-unit-f-m.csv,Full authored content reviewed; empty modules classified where applicable
backend/tests/unit/test_interview_prep_agent.py,73,20c90237e6fa60a9670235b41e71bc6a4425349eda1532df6b2877cac23ba757,read_complete,coverage-backend-unit-f-m.csv,Full authored content reviewed; empty modules classified where applicable
backend/tests/unit/test_job_search_agent.py,319,84adae14c0ad062129b15d9e7e0a88380e1125d0d68addbab5fae2699332608e,read_complete,coverage-backend-unit-f-m.csv,Full authored content reviewed; empty modules classified where applicable
backend/tests/unit/test_job_search_platforms.py,25,e55aa8a079396a43dfd44fd3b14fd687b1b6fc4258aa4c2dcb8d0653b8f1a105,read_complete,coverage-backend-unit-f-m.csv,Full authored content reviewed; empty modules classified where applicable
backend/tests/unit/test_job_search_service.py,405,8c1aefa6464876dc0f4dda91ae6d8fd3baa7a94bbd7f422aec02ad89c74d19d8,read_complete,coverage-backend-unit-f-m.csv,Full authored content reviewed; empty modules classified where applicable
backend/tests/unit/test_job_sources_expansion.py,174,7b2358a6ee0daf28c66feba40a8a5275fe38cc4ad4b35b22ac2551c58da4afc2,read_complete,coverage-backend-unit-f-m.csv,Full authored content reviewed; empty modules classified where applicable
backend/tests/unit/test_linkedin_agent.py,77,c5a68b2bc275ad3a8d88d3b997ae3e0b62cee40b8be4f9619a94144206366d63,read_complete,coverage-backend-unit-f-m.csv,Full authored content reviewed; empty modules classified where applicable
backend/tests/unit/test_linkedin_outreach_agent.py,70,0bb7d9101d821694e03618c2dc698bad19b979939b90a88d87390dc205578a23,read_complete,coverage-backend-unit-f-m.csv,Full authored content reviewed; empty modules classified where applicable
backend/tests/unit/test_linkedin_profile.py,238,bafefa1bb5306d579c1fea913986883109cbad08d2eb289bea9ea3033c3dcd2d,read_complete,coverage-backend-unit-f-m.csv,Full authored content reviewed; empty modules classified where applicable
backend/tests/unit/test_llm_gateway.py,126,ddaec3269cf3cab293c16b4bc15e4c9941b087d482677a3f9089f6c0dd182bc6,read_complete,coverage-backend-unit-f-m.csv,Full authored content reviewed; empty modules classified where applicable
backend/tests/unit/test_llm_json.py,72,1a097e4f2935fafd45e407f0ac350ce8bb65f33f4c1418b1a8281956ec37022a,read_complete,coverage-backend-unit-f-m.csv,Full authored content reviewed; empty modules classified where applicable
backend/tests/unit/test_memory_embedder.py,117,a1224e6d9b28e8511e150daff6de709909e48a10a5e972c4df14a2d6d0a63439,read_complete,coverage-backend-unit-f-m.csv,Full authored content reviewed; empty modules classified where applicable
backend/tests/unit/test_model_router.py,180,a0a209cbf89c18be8714b3a5856e727bb2c9aea7d933848768c53337bfff8a7c,read_complete,coverage-backend-unit-f-m.csv,Full authored content reviewed; empty modules classified where applicable
backend/tests/unit/test_model_router_fixes.py,304,d32257b1d144699ef5fe861dc5c32d4a4eb0f1c6415642dd16fdd1387ae068f4,read_complete,coverage-backend-unit-f-m.csv,Full authored content reviewed; empty modules classified where applicable
backend/tests/unit/test_nango_configuration.py,52,0d41aeb45f61c13f565cc1d8ef2021737b75185feb7b81d43bbcd4db1eff393b,read_complete,coverage-unit-n-z.csv,Full authored content reviewed; empty modules classified where applicable
backend/tests/unit/test_nango_google_services.py,128,ea0271134528009bf104804509a7ffffecc96220493d8e21ef4e2edc88f5e763,read_complete,coverage-unit-n-z.csv,Full authored content reviewed; empty modules classified where applicable
backend/tests/unit/test_notification_activities.py,220,4ede21fcde55b48bb58dd7abb08929808ab10554999da7f323306d8649a9612d,read_complete,coverage-unit-n-z.csv,Full authored content reviewed; empty modules classified where applicable
backend/tests/unit/test_notification_service.py,264,bf57096b837f99f4be971f6067be5414d0ee9a1a61fee36d5847a1db2754e588,read_complete,coverage-unit-n-z.csv,Full authored content reviewed; empty modules classified where applicable
backend/tests/unit/test_notifications_api.py,36,232016c54be10354307534b016a8085c2b6e5a5933e01946238e886a9ca01e60,read_complete,coverage-unit-n-z.csv,Full authored content reviewed; empty modules classified where applicable
backend/tests/unit/test_orchestrator.py,77,edc59e06b6aef0afe24938824c7441c49c45907604e847cf1e1bc5af3c707f48,read_complete,coverage-unit-n-z.csv,Full authored content reviewed; empty modules classified where applicable
backend/tests/unit/test_outreach_rules.py,89,6286de1bf24f5598442a5e3b9d66787498ea1827a313ab57ccbe70132d93f2ad,read_complete,coverage-unit-n-z.csv,Full authored content reviewed; empty modules classified where applicable
backend/tests/unit/test_pdf_service.py,459,4710810fa5ca74d65c494fff92bc4a87e40e7e11fff0aafa7341b23f9d78b137,read_complete,coverage-unit-n-z.csv,Full authored content reviewed; empty modules classified where applicable
backend/tests/unit/test_profile_repair_backoff.py,39,3073d865da5148e5800282dffe6a8cb4f193b6826c8f57f054193e159eb068eb,read_complete,coverage-unit-n-z.csv,Full authored content reviewed; empty modules classified where applicable
backend/tests/unit/test_prompts.py,43,08632eb07235259102e6b3d5ba6471405501cef7ccb9ef1943e26845c6cc7f30,read_complete,coverage-unit-n-z.csv,Full authored content reviewed; empty modules classified where applicable
backend/tests/unit/test_rag_embedding_config.py,230,6f5c9296ff895db0366e8bb492c138e0bf6e031f17ec7a016153f843d3b40879,read_complete,coverage-unit-n-z.csv,Full authored content reviewed; empty modules classified where applicable
backend/tests/unit/test_rag_service.py,73,bf76927aad672d2faf6edffeeccd98eb02d80e948c9b958e9577deb32e169e1d,read_complete,coverage-unit-n-z.csv,Full authored content reviewed; empty modules classified where applicable
backend/tests/unit/test_rag_upload_validation.py,19,f2d8ab62d8949afc20b039a7d9eeffc52e07b2a9a5ab61a890f3db0522441fbc,read_complete,coverage-unit-n-z.csv,Full authored content reviewed; empty modules classified where applicable
backend/tests/unit/test_recruiter_email.py,201,c413baedce9bc98f0f5ba21a295df19d010292b4347544763399de054fe5e872,read_complete,coverage-unit-n-z.csv,Full authored content reviewed; empty modules classified where applicable
backend/tests/unit/test_redis_loop_ownership.py,42,64e953fc4ac1a34efe321c0c8f2d8cbd130ee05b8d58d6b3b202a16d26380230,read_complete,coverage-unit-n-z.csv,Full authored content reviewed; empty modules classified where applicable
backend/tests/unit/test_resend_service.py,114,5be47c72dce66e1bb498670cb8d2cf2fe39df1de46214d726d59215ed7f9deb9,read_complete,coverage-unit-n-z.csv,Full authored content reviewed; empty modules classified where applicable
backend/tests/unit/test_resume_agent.py,362,0368bd6bf44870351d745003ffa14cbdc46695f20a7268ec45f406807aabf487,read_complete,coverage-unit-n-z.csv,Full authored content reviewed; empty modules classified where applicable
backend/tests/unit/test_resume_contact_round3.py,98,42b834b4824084c8954be990243cf360b14025d1df5ab5f9d2f4724a34c11069,read_complete,coverage-unit-n-z.csv,Full authored content reviewed; empty modules classified where applicable
backend/tests/unit/test_resume_d1_headings.py,68,743e589a9372fba348522139356def52704eceb0afdc857e1bd3fe646f16e447,read_complete,coverage-unit-n-z.csv,Full authored content reviewed; empty modules classified where applicable
backend/tests/unit/test_resume_d2_dates.py,74,1371676ed6cfa2e2482bfed309a2144812ea06b8767ad0bebc553fd9aca25268,read_complete,coverage-unit-n-z.csv,Full authored content reviewed; empty modules classified where applicable
backend/tests/unit/test_resume_download.py,131,5e15537076769b51c9e535a604a6212d93e2bf350179c40d61ad1ddeb8880008,read_complete,coverage-unit-n-z.csv,Full authored content reviewed; empty modules classified where applicable
backend/tests/unit/test_resume_export.py,74,607ff76c725e950671d27934cd6a4dc40fb12ec74548df500251eaa17cf5fcef,read_complete,coverage-unit-n-z.csv,Full authored content reviewed; empty modules classified where applicable
backend/tests/unit/test_resume_facts.py,466,61ec32cf8037c83c9351b5bb6904ea2a02ed2becaa537353b03dbaf512795de4,read_complete,coverage-unit-n-z.csv,Full authored content reviewed; empty modules classified where applicable
backend/tests/unit/test_resume_fix_api.py,786,f3cd3cd5a11a40bf49a748a4a71b80aeb303c843d548304c9ba5fa1587327ad0,read_complete,coverage-unit-n-z.csv,Full authored content reviewed; empty modules classified where applicable
backend/tests/unit/test_resume_grounding.py,42,92576bebf018fbb6317aad5bb6c79fec24c1fe7dc6468213bb12192ab9db565a,read_complete,coverage-unit-n-z.csv,Full authored content reviewed; empty modules classified where applicable
backend/tests/unit/test_resume_structure.py,1040,f8849a6193af9108ba0735e03486430815437a5b4bdc953ba1c3c5e6aeb9304b,read_complete,coverage-unit-n-z.csv,Full authored content reviewed; empty modules classified where applicable
backend/tests/unit/test_resume_warnings_round3.py,59,2b9b4668e0e58791bb33b5b7b0d0564d352dd19552c8ff5f61476a3b0c0c6660,read_complete,coverage-unit-n-z.csv,Full authored content reviewed; empty modules classified where applicable
backend/tests/unit/test_review_fixes.py,122,ffac8ed8ee6d5c738771b2e90e97d0db33b6ced9672af492c96b9e6facd54e05,read_complete,coverage-unit-n-z.csv,Full authored content reviewed; empty modules classified where applicable
backend/tests/unit/test_review_round2.py,94,39b9777c1161b7496d43bc8fc7b2407e209d3977a156dd0d2754b8b187f9f31b,read_complete,coverage-unit-n-z.csv,Full authored content reviewed; empty modules classified where applicable
backend/tests/unit/test_rls_isolation.py,230,1dc737214ad75d3e87559032f056f8599205b28be98fb93da8771ebf753d07d8,read_complete,coverage-unit-n-z.csv,Full authored content reviewed; empty modules classified where applicable
backend/tests/unit/test_rls_policies.py,313,4cc5ae4b5f428c0e5bd47807bffdc8fc30e2615227ae0fcb1e4e5dd91b22f68f,read_complete,coverage-unit-n-z.csv,Full authored content reviewed; empty modules classified where applicable
backend/tests/unit/test_run_choice.py,70,786b0fe97b5ad89220ded81501956d9e8d545910a679d21e670199b8881e8f91,read_complete,coverage-unit-n-z.csv,Full authored content reviewed; empty modules classified where applicable
backend/tests/unit/test_salary_agent.py,166,a211da0fdf25b1791703db3040a305b3e4b32d4daeb6455e587e2fb4fdc362bd,read_complete,coverage-unit-n-z.csv,Full authored content reviewed; empty modules classified where applicable
backend/tests/unit/test_security.py,40,a093521d0a0bdf5d78e3c286bdcd06508c5a21d40b696bb6d2a49cc7d21b4804,read_complete,coverage-unit-n-z.csv,Full authored content reviewed; empty modules classified where applicable
backend/tests/unit/test_state_schema.py,213,05884b24c60b37d11b62f76befdee453f64b62f78bcbfdffd6b791cbb10edc52,read_complete,coverage-unit-n-z.csv,Full authored content reviewed; empty modules classified where applicable
backend/tests/unit/test_temporal_activities.py,229,b33af5d5379d4abdfb83aaa42c048a91a301bef1cbe2c4e0772dcf99702da16d,read_complete,coverage-backend-root-tests.csv,Full authored content reviewed; empty modules classified where applicable
backend/tests/unit/test_temporal_api_integration.py,148,f8f971d46363d4bc56146d863b5463184460c65203acf4686bcc9a52200e48bb,read_complete,coverage-backend-root-tests.csv,Full authored content reviewed; empty modules classified where applicable
backend/tests/unit/test_temporal_configuration.py,58,5f0fb0bf31d5289e370c7ad10114706774f5e3dc48b78da89770e4896d690136,read_complete,coverage-backend-root-tests.csv,Full authored content reviewed; empty modules classified where applicable
backend/tests/unit/test_temporal_health.py,58,3e166a045e4ac124247ed8e38df3457fdb1842b6e881e694cf7c1887bbf8fce2,read_complete,coverage-backend-root-tests.csv,Full authored content reviewed; empty modules classified where applicable
backend/tests/unit/test_temporal_workflows.py,648,efa9c177511dbc676228153263497141f3685f39edc07d7447e8c3e9914b43a3,read_complete,coverage-backend-root-tests.csv,Full authored content reviewed; empty modules classified where applicable
backend/tests/unit/test_user_model_settings.py,80,e3decb94827cf48e1d37223146513c4986fe50236e7a1ee92c5bb392db64a955,read_complete,coverage-unit-n-z.csv,Full authored content reviewed; empty modules classified where applicable
backend/tests/unit/test_users_api.py,159,09203a286e06f7b928d9a40670a678f6edfa03f6e62d591e53132250d5553579,read_complete,coverage-unit-n-z.csv,Full authored content reviewed; empty modules classified where applicable
backend/tests/unit/test_workflow_runtime.py,720,f4be3bbee88175174ad525078a403ece29073acc2acd37485c8388af04fadf8b,read_complete,coverage-backend-root-tests.csv,Full authored content reviewed; empty modules classified where applicable
backend/tests/unit/test_workflow_sandbox.py,36,35021540e548d9db39f361e4731c522b79c731c375d73b784059a074a624038d,read_complete,coverage-backend-root-tests.csv,Full authored content reviewed; empty modules classified where applicable
deploy/computers/LICENSE.openbot,21,6d35a6bb107ae508da34636387f6208e75a6938e797bc0d5bfa9489d2ca95bad,read_complete,coverage-infrastructure.csv,Full authored content reviewed; empty modules classified where applicable
deploy/computers/README.md,103,0f963a2d074ddec733228dac9d35d92b5336d60febd44cacc305461f061d8824,read_complete,coverage-infrastructure.csv,Full authored content reviewed; empty modules classified where applicable
deploy/computers/compose.yml,79,b7c3a928081a2bcc2f3cd02b7c2a9d4c9c91468d76dfd791c8e225882c43193a,read_complete,coverage-infrastructure.csv,Full authored content reviewed; empty modules classified where applicable
deploy/computers/computer.Dockerfile,3,0e02c30c56c7040aae4139eabf28db618281e7e1131b312bfd6388da6c8fff0c,read_complete,coverage-infrastructure.csv,Full authored content reviewed; empty modules classified where applicable
deploy/computers/egress.Dockerfile,4,742bf9920ad1ec8803f4a7fe5ab2aacdcc33706ff712ad23c49edda80de53da6,read_complete,coverage-infrastructure.csv,Full authored content reviewed; empty modules classified where applicable
deploy/computers/fixtures/index.html,5,42268360803b6360cc07625ea4db5f2afd3171af9ae164f14a4df41108953e46,read_complete,coverage-infrastructure.csv,Full authored content reviewed; empty modules classified where applicable
deploy/computers/fixtures/login.html,6,c7743cb67b90e649bba2b89066457077a0f80c56c68d231f4376f0f01a549c1b,read_complete,coverage-infrastructure.csv,Full authored content reviewed; empty modules classified where applicable
deploy/computers/harden-computer.mjs,98,8b2085fc79c494d5795df214cfc3b65cc8907d5559a4616dc44cd0163f302001,read_complete,coverage-infrastructure.csv,Full authored content reviewed; empty modules classified where applicable
deploy/computers/harden-supervisor.mjs,30,37cf72553d384072ba73c34990d3364ccf7c7510b3ad47afdcab9160ddc5517c,read_complete,coverage-infrastructure.csv,Full authored content reviewed; empty modules classified where applicable
deploy/computers/observe.py,34,2eaf5b62aa30409c5225b3b49ac8de79ad7441891516325cd7d86c3933c17676,read_complete,coverage-infrastructure.csv,Full authored content reviewed; empty modules classified where applicable
deploy/computers/purge-supervisor.mjs,69,16cceb1a5c8d06564549165313b3662a13c68b989b9701d91b52d3ab89e7c732,read_complete,coverage-infrastructure.csv,Full authored content reviewed; empty modules classified where applicable
deploy/computers/purge-supervisor.test.mjs,64,9fc806415e3467e7724d48b05792b4b46c857249f62c9d9130f35466a89dc081,read_complete,coverage-infrastructure.csv,Full authored content reviewed; empty modules classified where applicable
deploy/computers/relay.Dockerfile,5,bdcf4623ef066290919137264c3279b4d412567cbf55651bad9a75603e31797c,read_complete,coverage-infrastructure.csv,Full authored content reviewed; empty modules classified where applicable
deploy/computers/relay.py,354,184330502cf3f979578957132421ef99d75d741679cc947261b0cdc2f2e2f710,read_complete,coverage-infrastructure.csv,Full authored content reviewed; empty modules classified where applicable
deploy/computers/squid.conf,17,49c224816a7080022a4a2101c141a0ea8f6e63ebb18dd075ae342e0d4888e3c2,read_complete,coverage-infrastructure.csv,Full authored content reviewed; empty modules classified where applicable
deploy/computers/supervisor.Dockerfile,13,0a495a49baae6b6bac6c8866ec4ca2dd88331e7e104e93968d79c498b960f0d6,read_complete,coverage-infrastructure.csv,Full authored content reviewed; empty modules classified where applicable
deploy/computers/tunnel.Dockerfile,4,51c631ed1b8cb7061957ffeb324e17f94a45b6ac926851ec583aaa2aa2b227f3,read_complete,coverage-infrastructure.csv,Full authored content reviewed; empty modules classified where applicable
deploy/computers/tunnel.sh,8,d1d50695c71a47419ae8f5e11a1793d9bf5430c43de239c1cb89a1ef6dd6b5a6,read_complete,coverage-infrastructure.csv,Full authored content reviewed; empty modules classified where applicable
deploy/computers/verify-keyboard.py,56,65aa6c1013b52604d2d26844970b38e58d295674356582b598b9a0b2c76d970d,read_complete,coverage-infrastructure.csv,Full authored content reviewed; empty modules classified where applicable
deploy/computers/verify-privacy.py,64,1dedb3f03e6deb14fc2064843993ab67d4c842f625c3850664b1e5c57709192b,read_complete,coverage-infrastructure.csv,Full authored content reviewed; empty modules classified where applicable
deploy/computers/verify-profile.py,81,39090dede7a7d42dca0234b94c088aeafeedf39faf3bb556be36210750fa4a9c,read_complete,coverage-infrastructure.csv,Full authored content reviewed; empty modules classified where applicable
deploy/computers/verify-upload.py,46,d747fd92f019116de4d66821c5228a6ad5c8f5d9e18b4aecdecdf028f26085f6,read_complete,coverage-infrastructure.csv,Full authored content reviewed; empty modules classified where applicable
deploy/computers/verify.py,259,3ab59e33f161be12aa0adf7c3638b31ea91c094ea826c7a12052e7e19bd04401,read_complete,coverage-infrastructure.csv,Full authored content reviewed; empty modules classified where applicable
deploy/laya/Dockerfile,9,1ee679fd4fe29d3b95cc097db877aa8e4a2c24c3ba13e1ea055d77870acd05d9,read_complete,coverage-infrastructure.csv,Full authored content reviewed; empty modules classified where applicable
deploy/laya/README.md,39,a1d894cc11c908291bedc3c425f5473ba6ca93aadad1565311ab3192a6344e57,read_complete,coverage-infrastructure.csv,Full authored content reviewed; empty modules classified where applicable
deploy/laya/requirements.txt,3,b711263a158b18d4f4456be6346fb935e01f0f164d66ae55d25d590f9f07174f,read_complete,coverage-infrastructure.csv,Full authored content reviewed; empty modules classified where applicable
deploy/laya/server.py,102,e293ae2de0d803405d667b82bf373253ae1fa9c965c1338bdb652e49fffb52b2,read_complete,coverage-infrastructure.csv,Full authored content reviewed; empty modules classified where applicable
deploy/oracle-vm/compose.yml,187,5113840c192cc5b02b9a089e775cc7c243af8ed0ab78a29950ae094ea52fe01d,read_complete,coverage-infrastructure.csv,Full authored content reviewed; empty modules classified where applicable
deploy/oracle-vm/configure_runtime.py,44,d58fa32fa9c3af5f30dc79dbfce2daf1d2b35c32cd687f7f2e5d0da0a4164fe1,read_complete,coverage-infrastructure.csv,Full authored content reviewed; empty modules classified where applicable
deploy/oracle-vm/nango-compose.yml,48,c3c5f2d583fe6bc832ce92a59f14c66dcedf2daeb66ac3985422c6087fa2f454,read_complete,coverage-infrastructure.csv,Full authored content reviewed; empty modules classified where applicable
deploy/oracle-vm/nginx.conf,39,59e2ff638f7ab6cb182ffc1c16ce079ff1e3a45d7c7446f56096d9d7cf5f2f32,read_complete,coverage-infrastructure.csv,Full authored content reviewed; empty modules classified where applicable
deploy/oracle-vm/ollama-compose.yml,47,68a92fbfc6032c6548552e4ebec2004cbdc4173a9db6bdfca3d90ff38794b81a,read_complete,coverage-infrastructure.csv,Full authored content reviewed; empty modules classified where applicable
deploy/oracle-vm/postgres-bootstrap.sql,59,612a9cae784aac2e402d1dcd78c4e2559656bdccc0fda87a894795e5b536d4bd,read_complete,coverage-infrastructure.csv,Full authored content reviewed; empty modules classified where applicable
deploy/oracle-vm/temporal-compose.yml,80,4d6caa30223323597476eb923c07941da5d3e14a092c260c55fd88e18ee41eb8,read_complete,coverage-infrastructure.csv,Full authored content reviewed; empty modules classified where applicable
deploy/oracle-vm/temporal-ui-config.yaml,89,3fe3fccffd479e31837b3b2279e3dd28c1aeaed0b80857e454d39ae66e48bcab,read_complete,coverage-infrastructure.csv,Full authored content reviewed; empty modules classified where applicable
docker-compose.dev.yml,86,69552663d41c887f904d7526d6eb9ef6fe353fe89fe71e1c72c90536bd37ad56,read_complete,coverage-infrastructure.csv,Full authored content reviewed; empty modules classified where applicable
docker-compose.test.yml,19,e880203a3f98b04192facc0a6df76d8f1a1132792f5782401797d52eb95c70d9,read_complete,coverage-infrastructure.csv,Full authored content reviewed; empty modules classified where applicable
docs/AGENTS_TROUBLESHOOTING.md,124,0b13c90b0ba0f88d07886546ae2314cba815e534a078c7a41825f1ec2d3283e3,documentation_not_line_reviewed,,Documentation classified; selected architecture/security/deployment docs reviewed as context
docs/API.md,922,37b74ba8bf897b7034a6aa8ee1bfe034be461752498be1dccddfade76af8f618,documentation_not_line_reviewed,,Documentation classified; selected architecture/security/deployment docs reviewed as context
docs/ARCHITECTURE.md,635,14b96b502dbced1852ba9fd1da01e256518e17e0f157fae9d7181872ecd0c96e,documentation_not_line_reviewed,,Documentation classified; selected architecture/security/deployment docs reviewed as context
docs/BACKEND_AUTH_IMPLEMENTATION.md,58,3c81874f0ffa53414789600e2b9bfd83f0f788d36925dc2bd682bac36c8ac572,documentation_not_line_reviewed,,Documentation classified; selected architecture/security/deployment docs reviewed as context
docs/BROWSER_EXTENSION_PROPOSAL.md,309,94960bf72e6224cda8f328b46797b4105f17b053f40022618d5f067c2d7db21b,documentation_not_line_reviewed,,Documentation classified; selected architecture/security/deployment docs reviewed as context
docs/BROWSER_SCALING_ARCHITECTURE.md,20,9cee00ad8a3288d0cd83a7811d5ae02156ab66613916f4595a8105190d7f1025,documentation_not_line_reviewed,,Documentation classified; selected architecture/security/deployment docs reviewed as context
docs/CONFIGURATION.md,258,0028980cb1b664b15a847f1e98fab3263cd8e3f0392241c2e0421cc1106c7fb0,documentation_not_line_reviewed,,Documentation classified; selected architecture/security/deployment docs reviewed as context
docs/CONTRIBUTING.md,164,388dd8a77b44e62a87043558b33cdc86e6afe0e4c7ebcbd80ca4d67922c5cc28,documentation_not_line_reviewed,,Documentation classified; selected architecture/security/deployment docs reviewed as context
docs/DATABASE.md,403,375f581ed17b75a62dc9d22ac23b9c8cea1e1f15755fd499e2c5ef6edece3bb4,documentation_not_line_reviewed,,Documentation classified; selected architecture/security/deployment docs reviewed as context
docs/DEPLOYMENT.md,300,3940615c237e2eb49080c2820c322c2cb842fc4470ec13490866c1febc20448c,documentation_not_line_reviewed,,Documentation classified; selected architecture/security/deployment docs reviewed as context
docs/DEVELOPMENT.md,401,55638ba229f3c3123ef233b2056b98942e23fa45f4d925d9ccd46ec6d9723863,documentation_not_line_reviewed,,Documentation classified; selected architecture/security/deployment docs reviewed as context
docs/JOB_SEARCH_ANALYSIS.md,261,4efc3ddc5e544b36993f47a58ce02d974397defce42634bd4eae2c64186ea83c,documentation_not_line_reviewed,,Documentation classified; selected architecture/security/deployment docs reviewed as context
docs/JOB_SEARCH_FIX.md,196,02e4cf20a57e0bc40ddb7be1d02d3698c7364c5731682fa9110b8fee0c03d121,documentation_not_line_reviewed,,Documentation classified; selected architecture/security/deployment docs reviewed as context
docs/NANGO_INTEGRATION.md,68,9533e468b61245eb6ccc53a446e0e082e9d9fc68c2b3bb63d6db69a6742284fd,documentation_not_line_reviewed,,Documentation classified; selected architecture/security/deployment docs reviewed as context
docs/SECURITY.md,281,e592757d0f88839c02cd6768c8b1e31c6dc43131918e49d2d946b9ce780af8d7,documentation_not_line_reviewed,,Documentation classified; selected architecture/security/deployment docs reviewed as context
docs/agent-a/CHANGED_FILES.txt,75,b13ccd8aedc2ae2a7b52acf880666af25f805054984e0428f0e298db12aa5d7d,historical_generated_evidence,,"Historical command output, audit log or generated inventory"
docs/agent-a/PLAN.md,200,5149f4a37c4fa1de2fc7a7777bf7a4327f2a8c9bb8f3e60625ca3e35bfc431da,documentation_not_line_reviewed,,Documentation classified; selected architecture/security/deployment docs reviewed as context
docs/agent-a/REVIEW.md,59,99a26c2d060ec6a25b1cd3351fce42e76524d70f63f26923ce045b90c0ac8352,documentation_not_line_reviewed,,Documentation classified; selected architecture/security/deployment docs reviewed as context
docs/agent-a/backend-tests.txt,18,9be2688388939b5dc2fa5cecabd12b608043d672ffc62b6dd758e10cc492b05e,historical_generated_evidence,,"Historical command output, audit log or generated inventory"
docs/agent-a/backend-upgrade-tests.txt,18,2f72ab01e90e7944852c1a18f2861ed6384135447f0dff23840c3dc01430fd22,historical_generated_evidence,,"Historical command output, audit log or generated inventory"
docs/agent-a/bandit.json,2797,5e431ee32bd9809b268187efef074d0eec6600db7fc63fc606a730872c79d670,historical_generated_evidence,,"Historical command output, audit log or generated inventory"
docs/agent-a/browser-results.json,9,b5fa4fbe1126a7d5d721322bf3eaa4bbe2679aea5c46e9293eed75beb9726d83,historical_generated_evidence,,"Historical command output, audit log or generated inventory"
docs/agent-a/cleanup-results.json,8,c7eaffcfb7abbb9b424259ec011b0383c95722e1d8d7bc32fbd2708f2fad0d5d,historical_generated_evidence,,"Historical command output, audit log or generated inventory"
docs/agent-a/container-audit-install.txt,69,43ff92e91a2e8f64e72a01d3b81df64fa0bfd990d9e4dc3cd83338789e6d4c40,historical_generated_evidence,,"Historical command output, audit log or generated inventory"
docs/agent-a/container-build.txt,96,37073076076398d801061649d38aab8bbfda1d80c1324a2097f55b9bded4dc13,historical_generated_evidence,,"Historical command output, audit log or generated inventory"
docs/agent-a/container-pip-audit.json,1,f679a224afb31c0b559e1e9d1c0d9144aea30a09b58ce3572f03607f7ebda864,historical_generated_evidence,,"Historical command output, audit log or generated inventory"
docs/agent-a/container-requirements.txt,216,501b78f7c2aa48de3760a3533cdccc0e2469cd5d4300216597016cc76b92e58f,historical_generated_evidence,,"Historical command output, audit log or generated inventory"
docs/agent-a/container-tests.txt,18,d3b1e05abbf88e38edb62fc3560ad03e3f828ad7dd40014d919357518859a4eb,historical_generated_evidence,,"Historical command output, audit log or generated inventory"
docs/agent-a/frontend-build.txt,64,45f01d5c5fda672018af5320aaea8dda8e72563e100c6061efe4531eb197eba7,historical_generated_evidence,,"Historical command output, audit log or generated inventory"
docs/agent-a/frontend-lint.txt,4,d75338d90f7ab6c20e2a8ee1338545965db1a279868d2e3e0c82c70c36dc44d4,historical_generated_evidence,,"Historical command output, audit log or generated inventory"
docs/agent-a/frontend-tests.txt,26,f8654a52648e459e37e3252a8d5b2f3f32d6fc28dbc2ad8b287d71f882fd34fb,historical_generated_evidence,,"Historical command output, audit log or generated inventory"
docs/agent-a/frontend-typecheck.txt,4,fe4f9fbf2aa9f303bc033c40bdf3b030a91da0fecada1e471b9c8ac2fbede629,historical_generated_evidence,,"Historical command output, audit log or generated inventory"
docs/agent-a/gateway-middleware-reproduction.txt,336,4959743b6af8f68a084bb1118cca40cda207018590e4e551539478923bab95e4,historical_generated_evidence,,"Historical command output, audit log or generated inventory"
docs/agent-a/live-results.json,14,7521bc96d83c76e0cea9fac4be148e4f7dbf10da31ca824b03426e3aa2b5b809,historical_generated_evidence,,"Historical command output, audit log or generated inventory"
docs/agent-a/live_browser.py,143,414f26353f5aa1ca1a6bf1ddcc6071642233a8ac62064618785a0754a70b4e21,read_complete,coverage-infrastructure.csv,Full authored content reviewed; empty modules classified where applicable
docs/agent-a/live_model.py,130,c1524cd26d1f19ac1be2cea0a3e2745c72361cd98f67a619f2064bdd0c78c47f,read_complete,coverage-infrastructure.csv,Full authored content reviewed; empty modules classified where applicable
docs/agent-a/live_review.py,297,7c3ffa3feeea914fb83e9fa6d6c5b53f043167080755db127e20a865cd51099d,read_complete,coverage-infrastructure.csv,Full authored content reviewed; empty modules classified where applicable
docs/agent-a/local.override.yml,17,464fd381ff83e44a3bd44ebea1d573d67772ef21cf1d70fdd0e8d826aefb42fa,read_complete,coverage-infrastructure.csv,Full authored content reviewed; empty modules classified where applicable
docs/agent-a/model-results.json,21,0194d90484aeff8f492d0942bd8202980233ff8b8de125747a040189daa8f97e,historical_generated_evidence,,"Historical command output, audit log or generated inventory"
docs/agent-a/npm-audit.json,22,5ef63f7556dfb3554193342e19a1e6f7dfc5e9e5330c0eea3a8c3db25abf9bbe,historical_generated_evidence,,"Historical command output, audit log or generated inventory"
docs/agent-a/pip-audit.json,1,09d0b5195d0ccd54497618bfb79b80491d122bba98c417d341bb8ccaf089d03a,historical_generated_evidence,,"Historical command output, audit log or generated inventory"
docs/agent-a/python-format.txt,5,0dfd4115d14c8b7fc7e859564b4d3f301e2bdef243153ad7ef45899580fd37b7,historical_generated_evidence,,"Historical command output, audit log or generated inventory"
docs/agent-a/python-lint.txt,1,020e3183590609cbda7ebf54c31d6c853582f1d1ae8948e0ba4cfbb9e95e0acd,historical_generated_evidence,,"Historical command output, audit log or generated inventory"
docs/agent-a/render-results.json,230,4212a706d231529c1548d55ec6f36b77136b76409066820aee655e768bbfaed6,historical_generated_evidence,,"Historical command output, audit log or generated inventory"
docs/agent-a/render_review.py,90,f508c5515c0cc5fda0171835e7968ee24a1d888607253a71481892e6acf86c6b,read_complete,coverage-infrastructure.csv,Full authored content reviewed; empty modules classified where applicable
docs/agent-a/upgraded-pip-audit.json,1,09d0b5195d0ccd54497618bfb79b80491d122bba98c417d341bb8ccaf089d03a,historical_generated_evidence,,"Historical command output, audit log or generated inventory"
docs/agent-a/worker-build.txt,79,6fa80ad2f1b1ef24e636d8efead9af8780c1309ddb715d07a3aa4198b8419ddc,historical_generated_evidence,,"Historical command output, audit log or generated inventory"
docs/agent-b/BROWSER_SYMBOL_INVENTORY.txt,142,30c232b1d4123b9e6d55f08188bbf490836554e19e0712159136de01ae0b9eee,historical_generated_evidence,,"Historical command output, audit log or generated inventory"
docs/agent-b/EXTENSION_CHECK.md,50,15fd223d91a55e28ab2d3d5156fa99c462a44271ac3d127bd13e98036bf979f9,documentation_not_line_reviewed,,Documentation classified; selected architecture/security/deployment docs reviewed as context
docs/agent-b/PLAN.md,422,c65d125cc66f7521b8a878bea9c7d3f26d42690b2f4afafd7451d5bf311e8641,documentation_not_line_reviewed,,Documentation classified; selected architecture/security/deployment docs reviewed as context
docs/agent-b/REVIEW.md,54,1c821afe9eccde98025babfa6f58b9edbcdfd5e80d0b6fbd2c66f6e5cc3a2117,documentation_not_line_reviewed,,Documentation classified; selected architecture/security/deployment docs reviewed as context
docs/agent-b/SANDBOX_INVENTORY.txt,194,dc4e7a6b87b897177468100319838eb130e176f4e00bdd7ba48aa5d1f7025299,historical_generated_evidence,,"Historical command output, audit log or generated inventory"
docs/agent-b/SOURCE_HEALTH.json,2092,d4440b0d04cb9510437dcb859af694821259c2fc9b753d7e29b6027291ebeadb,historical_generated_evidence,,"Historical command output, audit log or generated inventory"
docs/agent-b/bandit.json,2529,f0f69d5af9e1ad01ee50b2ef69b76108e84e38501dd9fea6b8b5281f5514a7f0,historical_generated_evidence,,"Historical command output, audit log or generated inventory"
docs/agent-b/check-github.py,111,23b94c8fcdfad5fe96016ee39af5055c33fa6cff8b507c2adb89108c547fb37b,read_complete,coverage-infrastructure.csv,Full authored content reviewed; empty modules classified where applicable
docs/agent-b/check-jobs.ps1,19,ccb7665d4b19d8f6bb510495539f69b16c04e32fdc74e0bab5f9e7b640d489fc,read_complete,coverage-infrastructure.csv,Full authored content reviewed; empty modules classified where applicable
docs/agent-b/check-retirement.ps1,46,55646a187a7499d24d58295499a22d8ce9644d561dc5f406c9c3fd992d46b53b,read_complete,coverage-infrastructure.csv,Full authored content reviewed; empty modules classified where applicable
docs/agent-b/check-search-load.py,195,9337e42791a92a1b78077ea516e6ff05296e5162f423e7bde20d63a5deee3ae7,read_complete,coverage-infrastructure.csv,Full authored content reviewed; empty modules classified where applicable
docs/agent-b/check-temporal.py,28,dc87caf25bab39fad5e847716088e727b4c352b0f396f775db7a956445ae74e7,read_complete,coverage-infrastructure.csv,Full authored content reviewed; empty modules classified where applicable
docs/agent-b/npm-audit.json,,f3c4017ee07b010c65bee49914d67234df30887dfb66cec94bc9b9096798e4d8,historical_generated_evidence,,"Historical command output, audit log or generated inventory"
docs/agent-b/pip-audit-installed.json,1,cba83bed5d9a13bc5a0c19019ee69d080875c5a546060e0fd6a5a26788a47847,historical_generated_evidence,,"Historical command output, audit log or generated inventory"
docs/agent-b/probe-sources.py,60,797a49d1364e9c1e78d299a95a0340067c38beb758bc6936a365a2b885f74863,read_complete,coverage-infrastructure.csv,Full authored content reviewed; empty modules classified where applicable
docs/agent-b/rollback/b_extension_submit_approval.sql,10,01db22d5fa658d882ff87a9dab1b5f19e3e05d15c8fb38320e537809ff8b2f2b,read_complete,coverage-infrastructure.csv,Full authored content reviewed; empty modules classified where applicable
docs/agent-b/rollback/b_extension_task_statuses.sql,16,b08cbfdd36309f5ecea8c7b92c72c1e5e6b3a52a2e2dfafe96e5cf10604c4076,read_complete,coverage-infrastructure.csv,Full authored content reviewed; empty modules classified where applicable
docs/agent-b/rollback/b_github_profiles.sql,1,b3818264e0dfa1ca4f3f228242e1d6923737b0b27fef2249aceff0cbf8200cfd,read_complete,coverage-infrastructure.csv,Full authored content reviewed; empty modules classified where applicable
docs/agent-b/rollback/b_job_catalog.sql,2,47a7a87a56107047505e74f03c7a65eedd5669b8f56fb92e0475363eed28f7ef,read_complete,coverage-infrastructure.csv,Full authored content reviewed; empty modules classified where applicable
docs/agent-b/rollback/b_job_search_defaults.sql,1,fcaee7afb5e5aee6a75ea040c1810170411b2fc1b4f07385aa0f0a332ea6cbe4,read_complete,coverage-infrastructure.csv,Full authored content reviewed; empty modules classified where applicable
docs/agent-b/rollback/b_retire_browser_execution.sql,7,21118e7b05f43634739677d38b7b380f6a9bd98ec7bce7c213d6f45a632a6c12,read_complete,coverage-infrastructure.csv,Full authored content reviewed; empty modules classified where applicable
docs/agent-b/search-load_exceptions.csv,2,50e001907ccff3338f25a2c46417065abf1a828feb0bcf1a8e01d039eb762bf2,historical_generated_evidence,,"Historical command output, audit log or generated inventory"
docs/agent-b/search-load_failures.csv,2,a0f766d126247d27179b2ab30fd2156f5f16130ff67b761a23011a8a32b3934c,historical_generated_evidence,,"Historical command output, audit log or generated inventory"
docs/agent-b/search-load_stats.csv,6,57e2ba58d55b7a146fb4a48f69d7616343de4863189eaef2134a8e538591724c,historical_generated_evidence,,"Historical command output, audit log or generated inventory"
docs/agent-b/search-load_stats_history.csv,60,f68853f33e308d960d2bedd24e00a3ea9d794183136892552c976e23e2592e89,historical_generated_evidence,,"Historical command output, audit log or generated inventory"
docs/agent-b/search-locust.py,27,63296a6c8a388864d5a6f60a9d39bd53b47b3aad48740db59a7061599bd57be6,read_complete,coverage-infrastructure.csv,Full authored content reviewed; empty modules classified where applicable
docs/agent-system-technical-spec.md,592,37576e0702ab8ef321b1f447f9334120d1570d0d2667a42a11e819c16bfc3b65,documentation_not_line_reviewed,,Documentation classified; selected architecture/security/deployment docs reviewed as context
docs/audits/2026-10-06-code-architecture-security-audit.md,191,c41281840446b3db0560c3d1c0cd3217f42086d7715207590d8110f32d7a4647,documentation_not_line_reviewed,,Documentation classified; selected architecture/security/deployment docs reviewed as context
docs/audits/2026-10-06-remediation.md,35,135c16b6efd73f603d28523d3c0140e5b1e02e410892aec5f78f88ea934b57e5,documentation_not_line_reviewed,,Documentation classified; selected architecture/security/deployment docs reviewed as context
docs/copilot-runtime.md,43,c68b6a250d6e90525dd77d9e1ba76ca711c566ea1cce47778a67faedc2ecb2d7,documentation_not_line_reviewed,,Documentation classified; selected architecture/security/deployment docs reviewed as context
docs/opendots-sandbox.md,148,66bb7d474cce9e03841a865fa2b40822e6e08ab17eb8420526db57ac98220bea,documentation_not_line_reviewed,,Documentation classified; selected architecture/security/deployment docs reviewed as context
docs/sandbox-24gb-results.md,71,1ec0b0360c1a50379a1aaf9f5ed9b0451aa7018c797a94abc8c4ec0624626077,documentation_not_line_reviewed,,Documentation classified; selected architecture/security/deployment docs reviewed as context
docs/sandbox-capacity-architecture.md,163,dda53454e3bbb30078811d046961c4d21f56df16b198e762b49f66ba8dde4bfa,documentation_not_line_reviewed,,Documentation classified; selected architecture/security/deployment docs reviewed as context
docs/superpowers/plans/2026-05-24-frontend-redesign.md,3527,b655f0e88f0957bd7d81c8903b014c5824aaac47798831ff4e4479260f7fd5f1,documentation_not_line_reviewed,,Documentation classified; selected architecture/security/deployment docs reviewed as context
docs/superpowers/plans/2026-10-05-opendots-copilotkit-chat-integration.md,109,903e23c37dcc0a5434266a3e9785241c1b6cf1a9cdf5f391bcbcc9a4f6462422,documentation_not_line_reviewed,,Documentation classified; selected architecture/security/deployment docs reviewed as context
docs/superpowers/specs/2026-05-24-frontend-redesign.md,300,aab297809a54c9320ca9dd89dbf3a3b2eeb822083915de0743deb75273307551,documentation_not_line_reviewed,,Documentation classified; selected architecture/security/deployment docs reviewed as context
extension/README.md,112,11ea73db42780ada4c5ca69cf5b7c33d5503268947039f60af024bbe9114268f,read_complete,coverage-infrastructure.csv,Full authored content reviewed; empty modules classified where applicable
extension/icons/icon128.png,,6692a8adb07206b2f1799aeda8d00fa75ff54e5e0d421e30c710db252fe91365,excluded,coverage-infrastructure.csv,source_config_docs
extension/icons/icon16.png,,c54bfb611cc6fedca74ccdf1d2a324c31eddb3a2e457b44f05ec3af4c304e518,excluded,coverage-infrastructure.csv,source_config_docs
extension/icons/icon32.png,,b4a7f393595525be32e3c3e34f7c3939470326a63830b3db189ea3e4bb65444b,excluded,coverage-infrastructure.csv,source_config_docs
extension/icons/icon48.png,,83d948f4286fdfdb8d1868375304a0f07b0a89b2b73aaf765b76bc98effc6a61,excluded,coverage-infrastructure.csv,source_config_docs
extension/manifest.json,74,4026e1e1a6dd0e41bc2c070894481b5632b560f495691006a2412878ae7db1b1,read_complete,coverage-infrastructure.csv,Full authored content reviewed; empty modules classified where applicable
extension/popup.html,50,9f1a447f8c98fac6a66ad1e596c9cc5edd03f4b77008d2dd315c31f41a285f55,read_complete,coverage-infrastructure.csv,Full authored content reviewed; empty modules classified where applicable
extension/src/background.js,606,437794fe73ba46c364f3694fa2fd848f1cfdf128ea5329d0ea638735108eade7,read_complete,coverage-infrastructure.csv,Full authored content reviewed; empty modules classified where applicable
extension/src/common.js,136,0e57cbb8c1cd1f26e0310c2f40bc982865ceb73c4cf3659566405660ac4917a8,read_complete,coverage-infrastructure.csv,Full authored content reviewed; empty modules classified where applicable
extension/src/content/bridge.js,69,b380b1b5c457e5133fef70096c073a6c07e21949b6de386ce98e84c5f74210ff,read_complete,coverage-infrastructure.csv,Full authored content reviewed; empty modules classified where applicable
extension/src/content/dom.js,352,cbd6d4cd9cc9f055abff02428ad59799ef09a1896445bbf1f651fad74d8f782c,read_complete,coverage-infrastructure.csv,Full authored content reviewed; empty modules classified where applicable
extension/src/content/drivers.js,971,60ace4e0eaffb149061b2b3dc6adb9637c051a2278188a98c7e8068b5d4431d2,read_complete,coverage-infrastructure.csv,Full authored content reviewed; empty modules classified where applicable
extension/src/content/panel.js,350,c64a56f0f8eefce31c433a0e0e4038eabb4a1d2968a68c3f4589c4d5ceda68fe,read_complete,coverage-infrastructure.csv,Full authored content reviewed; empty modules classified where applicable
extension/src/content/runner.js,186,653c4a05d93f5501851c26efa8524a59f2f2a2190aa3d0999267d441fde37512,read_complete,coverage-infrastructure.csv,Full authored content reviewed; empty modules classified where applicable
extension/src/popup.css,79,9e2d73acd4408d2efa47c09f6e5d3b9223c4dce5e25efb8aac7672384892900a,read_complete,coverage-infrastructure.csv,Full authored content reviewed; empty modules classified where applicable
extension/src/popup.js,118,99522845477e2a60325d627b5e99862a95f1f89f683b90eb539179f8219e02bc,read_complete,coverage-infrastructure.csv,Full authored content reviewed; empty modules classified where applicable
extension/test/e2e_apply.mjs,519,5b5b3a388a67e7c40daee9f3ec11b880d1bbf00bb12dde0cc8b72a83f044c746,read_complete,coverage-infrastructure.csv,Full authored content reviewed; empty modules classified where applicable
extension/test/e2e_live.py,335,5fcc4294d3ce58bbffac84052c06bea0ac1a2bb7b5a84a08b96b571cb131bbab,read_complete,coverage-infrastructure.csv,Full authored content reviewed; empty modules classified where applicable
extension/test/fixtures/company/careers.html,9,97c799c5a99b1be78071884c6f6b67ad56742d0fe1b741c98aa977fce7f77f54,read_complete,coverage-infrastructure.csv,Full authored content reviewed; empty modules classified where applicable
extension/test/fixtures/greenhouse.html,43,c225995651c95e0a0de72c4e0698cb3a6a39114e7ad913cdb5ca05fe366b0974,read_complete,coverage-infrastructure.csv,Full authored content reviewed; empty modules classified where applicable
extension/test/fixtures/lever/apply.html,14,936220e2e135507ef93cb75bc9c3c1380ed8406f70a00eb2d897873ef4c907b8,read_complete,coverage-infrastructure.csv,Full authored content reviewed; empty modules classified where applicable
extension/test/fixtures/lever/posting.html,13,859eef840dc16e2e239b1be3bdff35cd64fa4878fc892ed73fd6d4b67735ade5,read_complete,coverage-infrastructure.csv,Full authored content reviewed; empty modules classified where applicable
extension/test/fixtures/linkedin.com/jobs/view.html,38,49de23fdf4503917d92559cf1357b905d2348eb63358d41bab39e7090471d153,read_complete,coverage-infrastructure.csv,Full authored content reviewed; empty modules classified where applicable
extension/test/fixtures/naukri.com/job.html,25,64c9f391455229c68c267f236fde8396f967acf2f45ce7fb776005ea1a68947c,read_complete,coverage-infrastructure.csv,Full authored content reviewed; empty modules classified where applicable
extension/test/fixtures/smartrecruiters/index.html,39,9619d81b92ec5e7fee02f67ec2c5a969eab2c657052d19596421af843b70ae4e,read_complete,coverage-infrastructure.csv,Full authored content reviewed; empty modules classified where applicable
extension/test/fixtures/workable/index.html,29,c5f54e297a42ff92c3462bcd7d0272eaf909f9f121ba84067abdfe265dab34dd,read_complete,coverage-infrastructure.csv,Full authored content reviewed; empty modules classified where applicable
extension/test/fixtures/workday/index.html,83,9b14d1cb0eca129214160960136d5844ea5a40484c6404b433bac259d6eccbb9,read_complete,coverage-infrastructure.csv,Full authored content reviewed; empty modules classified where applicable
extension/test/mv3_gate.py,226,38bbc14a99e59fb325e95c02fb00c4085e7d70185ae47cbd93ba5fbfb49064d1,read_complete,coverage-infrastructure.csv,Full authored content reviewed; empty modules classified where applicable
extension/test/submit_sender.test.mjs,17,5643e1ddcd0fb375ff50f0c25897dab64bef2e0738bd5193acbbbd2065285d83,read_complete,coverage-infrastructure.csv,Full authored content reviewed; empty modules classified where applicable
frontend/.dockerignore,12,387120e7c1f8d6e0f230d6687776694eeb0b3a7975f4eba7905e9d38394c205a,read_complete,coverage-frontend.csv,Full authored content reviewed; empty modules classified where applicable
frontend/.gitignore,3,4d936b93f6ee8c45493f10d6086e8117afc08ee389565f86ebb4f7375dcdc66d,read_complete,coverage-frontend.csv,Full authored content reviewed; empty modules classified where applicable
frontend/Dockerfile,22,9059340bcabb7ad35140c119be481ed35850b41235ffc0951da40699f4b8e10c,read_complete,coverage-frontend.csv,Full authored content reviewed; empty modules classified where applicable
frontend/eslint.config.mjs,48,bf881b1e8ee11a145fb5524e1bf8ad26f8980c5716b88ff6eceddc27a360b6b9,read_complete,coverage-frontend.csv,Full authored content reviewed; empty modules classified where applicable
frontend/next-env.d.ts,7,1b59d4c6b83807db275d43f3cf2cc8e9323f465fab764eea091cc5becd5bad37,read_complete,coverage-frontend.csv,Full authored content reviewed; empty modules classified where applicable
frontend/next.config.js,81,0d57da7a59ccce6fac2e1ccbfe53f6c1fd5be8419659bf3d8b4dc8eb6a13bf5a,read_complete,coverage-frontend.csv,Full authored content reviewed; empty modules classified where applicable
frontend/package-lock.json,23275,8d3db6878ded6ef5f77ff7111c657c703cdae8d5da6ce88f62436e5ebb8e27a3,excluded,coverage-frontend.csv,generated dependency lockfile
frontend/package.json,64,6e503f2a25b718885656368870d612c9ff17b0b242c0cbcafda98805116d6b15,read_complete,coverage-frontend.csv,Full authored content reviewed; empty modules classified where applicable
frontend/postcss.config.mjs,16,30a6725c5ab3e29872bca78836e8cf8e2e61bef370d2c2a7a3768dabec40054a,read_complete,coverage-frontend.csv,Full authored content reviewed; empty modules classified where applicable
frontend/public/companions/opendots/LICENSE.txt,21,15a0e5343aea872c0573ad72feb6044b336f162d724cc1673c608e6b37ea071b,read_complete,coverage-frontend.csv,Full authored content reviewed; empty modules classified where applicable
frontend/public/companions/opendots/README.md,9,872cf9939dd77fe159db2ce70fe745ff85a11d6eadea33bb60a6cab14075dece,read_complete,coverage-frontend.csv,Full authored content reviewed; empty modules classified where applicable
frontend/public/companions/opendots/blue.png,,bf8ef19c7b7d753c11ba05e411f15a0733bcb810541bc88fb34c38427c6a6040,excluded,coverage-frontend.csv,binary asset
frontend/public/companions/opendots/mint.png,,aebbd4a27e346b7a2f41976bcdae4b144e42219cce77182053cfe4140bb6486f,excluded,coverage-frontend.csv,binary asset
frontend/public/companions/opendots/orange.png,,bf9a2f9f6859c2931b9a4062117deb7d06fba77b190b5ad52a90587f368b34a7,excluded,coverage-frontend.csv,binary asset
frontend/public/companions/opendots/purple.png,,9fb3e53fc90b4fe881e1c1f8121dd32fbe9882dbc989156c40b0a8fadc348441,excluded,coverage-frontend.csv,binary asset
frontend/public/llms.txt,29,538344cd6302a95f0d78dc250272c5e398a64cf310fa5927f6c4f7035d22991f,read_complete,coverage-frontend.csv,Full authored content reviewed; empty modules classified where applicable
frontend/public/media/hero/dark-bg.mp4,,92a6f9ce29200467269e86c5f30241b3a3b3dea4b099dec2e570fa111b8f5f62,excluded,coverage-frontend.csv,binary asset
frontend/public/media/hero/light-bg.mp4,,ec16a90a9dd0eea3e55f171540c35864839f557d7f664894cb491f5d50d2540a,excluded,coverage-frontend.csv,binary asset
frontend/public/videos/ai-agent.mp4,,457c74326bab59b646fc304c3038ea9b5a612aca93df0e1b9970a05c9971f265,excluded,coverage-frontend.csv,binary asset
frontend/public/videos/hero.mp4,,dad8c18bb1dc202458a47d119e3a97bbe4b1bcf686f706267fcbb068d81ad04c,excluded,coverage-frontend.csv,binary asset
frontend/scripts/vendor-copilot-css.mjs,39,46c6c54776c502bcdcbf1ad7583b444ab44e74f6d926eb2c40ab63f10b6bbdd0,read_complete,coverage-frontend.csv,Full authored content reviewed; empty modules classified where applicable
frontend/src/app/(app)/agents/loading.tsx,92,5d52d244be7e698794305ab132ab366cd337e4ba2929e5f87b400a53c9ff9c6e,read_complete,coverage-frontend.csv,Full authored content reviewed; empty modules classified where applicable
frontend/src/app/(app)/agents/page.tsx,668,1caa71adc24bd4a5d3bc2c8a4b04ad8a26ae005bc2b9514df33dda4690541cea,read_complete,coverage-frontend.csv,Full authored content reviewed; empty modules classified where applicable
frontend/src/app/(app)/applications/loading.tsx,44,eefc536c4e5413618c0a7bde6b3b80c3296bc33664138432d5f1994e8f1b508b,read_complete,coverage-frontend.csv,Full authored content reviewed; empty modules classified where applicable
frontend/src/app/(app)/applications/page.tsx,641,b79938fc880bbb1566f9896ec312caf4bed66d3cd4d87640bb230042037c83da,read_complete,coverage-frontend.csv,Full authored content reviewed; empty modules classified where applicable
frontend/src/app/(app)/company/loading.tsx,91,b92a7a1810f5384059caab328ff4178a7147e0d91bcbe22c7b207376ec3466fc,read_complete,coverage-frontend.csv,Full authored content reviewed; empty modules classified where applicable
frontend/src/app/(app)/company/page.tsx,590,043330e49d16cc9eebe0e7269e05d29764de154aba7319458b4eb1799f184081,read_complete,coverage-frontend.csv,Full authored content reviewed; empty modules classified where applicable
frontend/src/app/(app)/copilot/copilot-v2.css,5,f339aae4dfa37747db17272bbb0c6fe9881903609d6dd321b3b69afec260996a,excluded,coverage-frontend.csv,generated vendored dependency stylesheet; full generator read; stylesheet not manually read
frontend/src/app/(app)/copilot/page.tsx,146,8833006a75973a83a199742f626ed04c53de23183ba6fb1364815fe14510ec45,read_complete,coverage-frontend.csv,Full authored content reviewed; empty modules classified where applicable
frontend/src/app/(app)/copilot/workspace.css,118,fcccef7baac9e57152fd6e32536e1cd51728a975ff2cfb72d84ddddda319e616,read_complete,coverage-frontend.csv,Full authored content reviewed; empty modules classified where applicable
frontend/src/app/(app)/cover-letter/loading.tsx,74,144283ddecb8b34339057aac838464f644d7fc02c53058142561c890d983c091,read_complete,coverage-frontend.csv,Full authored content reviewed; empty modules classified where applicable
frontend/src/app/(app)/cover-letter/page.tsx,429,6aecfb2375377d84d8f6b3cd0fad85db6636155aebedcbfa5e9e44ee80deaae9,read_complete,coverage-frontend.csv,Full authored content reviewed; empty modules classified where applicable
frontend/src/app/(app)/dashboard/loading.tsx,111,2a775c519d7a2e0736e0cd3520caf5d6e3692f2e482acf9c1de17c4409e31c4d,read_complete,coverage-frontend.csv,Full authored content reviewed; empty modules classified where applicable
frontend/src/app/(app)/dashboard/page.tsx,779,bbb5b9c37d19fae145ee99bdb8ee33050add92e4986ab3cd338b27582b456bc5,read_complete,coverage-frontend.csv,Full authored content reviewed; empty modules classified where applicable
frontend/src/app/(app)/email/loading.tsx,118,05696f33677f4dfd47ba73a8fa14616badf06b28ffa9330b957dfcc782470f94,read_complete,coverage-frontend.csv,Full authored content reviewed; empty modules classified where applicable
frontend/src/app/(app)/email/page.tsx,1017,eaf04d25d3db678e1795ce32905aaf26b8e0454f55c3a8b6e7138dad476e066b,read_complete,coverage-frontend.csv,Full authored content reviewed; empty modules classified where applicable
frontend/src/app/(app)/interview-prep/loading.tsx,6,cdf77c4e25f93d09fdb17affb984f217b6d0b25c23b5f58da339a8825ed96ecf,read_complete,coverage-frontend.csv,Full authored content reviewed; empty modules classified where applicable
frontend/src/app/(app)/interview-prep/page.tsx,8,4b99c584272d6192c0b06cf8a8e692af48efeaf44460662b5680c60080126993,read_complete,coverage-frontend.csv,Full authored content reviewed; empty modules classified where applicable
frontend/src/app/(app)/interview/loading.tsx,5,f9cbedb1b6140164b6fa150ece4701232f102b17ad30ed2fb1ffc6c75679280d,read_complete,coverage-frontend.csv,Full authored content reviewed; empty modules classified where applicable
frontend/src/app/(app)/interview/page.tsx,145,f7a88aa7d06afe4791585b7e3236b2c0fa768796cb495e8d37153e2dad90dc06,read_complete,coverage-frontend.csv,Full authored content reviewed; empty modules classified where applicable
frontend/src/app/(app)/jobs/loading.tsx,87,8ecf288a8ec357779a735a36c911c207d80c852936fdbd0d0ec1811a027c5940,read_complete,coverage-frontend.csv,Full authored content reviewed; empty modules classified where applicable
frontend/src/app/(app)/jobs/page.tsx,1915,87a996b74b2b712e7ba0b1c747c687ac5feea1f56dc6a11c81ef311a23f8b199,read_complete,coverage-frontend.csv,Full authored content reviewed; empty modules classified where applicable
frontend/src/app/(app)/layout.tsx,23,badacae014aee48efce6c1f056764d66d19907af55a717d9eb8e46d8fbf27083,read_complete,coverage-frontend.csv,Full authored content reviewed; empty modules classified where applicable
frontend/src/app/(app)/leads/loading.tsx,68,22370470edaf29825833f2889195674c3bbd8f04af39d4fb64a8a5913ae221cb,read_complete,coverage-frontend.csv,Full authored content reviewed; empty modules classified where applicable
frontend/src/app/(app)/leads/page.tsx,916,d8fe9c152852e6c3eb203c1e16947dc8e073c58e79b22209df89ea1bb32c31e0,read_complete,coverage-frontend.csv,Full authored content reviewed; empty modules classified where applicable
frontend/src/app/(app)/linkedin/loading.tsx,59,f1527842dc8abafa9b200df566517ce6335fe39367e3d3cce9e884dc20a1f021,read_complete,coverage-frontend.csv,Full authored content reviewed; empty modules classified where applicable
frontend/src/app/(app)/linkedin/outreach/page.tsx,431,9865cf0a90e55e110c20b3ad00c7734dc7f44ca4c2cdfd47f4d0f09b22cb9cd4,read_complete,coverage-frontend.csv,Full authored content reviewed; empty modules classified where applicable
frontend/src/app/(app)/linkedin/page.tsx,19,0e7b71954c0495e84cd61acd6eea59705ec627c11a96ff60f6da83ace2bd0048,read_complete,coverage-frontend.csv,Full authored content reviewed; empty modules classified where applicable
frontend/src/app/(app)/loading.tsx,16,2c43bf8084ed5a39238a2a666bfd5b1d2cbea3c289044f2f3308501f9076826b,read_complete,coverage-frontend.csv,Full authored content reviewed; empty modules classified where applicable
frontend/src/app/(app)/onboarding/page.tsx,604,e5c770529dc0efa1b0f5eb0fbd7c7b3d670a11773d469cdcb1dce2e2254e2cd1,read_complete,coverage-frontend.csv,Full authored content reviewed; empty modules classified where applicable
frontend/src/app/(app)/outreach/page.tsx,249,bc8bbbeadf74756ecdf9eb02c5bb6d9bfb3113755ebbe79642035dbffb067434,read_complete,coverage-frontend.csv,Full authored content reviewed; empty modules classified where applicable
frontend/src/app/(app)/resume/loading.tsx,56,c8f3359762a9aa9e7c83d5b10efc635b0f1dd87ddc37f712d21fd991f8b925ad,read_complete,coverage-frontend.csv,Full authored content reviewed; empty modules classified where applicable
frontend/src/app/(app)/resume/page.tsx,1898,96a09ff5d40dd6a629636470098b4d7ab877809a75e36d1beb8b48a3438d8bc2,read_complete,coverage-frontend.csv,Full authored content reviewed; empty modules classified where applicable
frontend/src/app/(app)/salary/loading.tsx,82,55246cabd9904d6a3a3c70cf6a561d266f3369aa0fd0c621f95e2ba8e3073fa9,read_complete,coverage-frontend.csv,Full authored content reviewed; empty modules classified where applicable
frontend/src/app/(app)/salary/page.tsx,802,741cfb29672daab22bcdb4341dd99169c8c044c755a483ff0e54a4d1ec727458,read_complete,coverage-frontend.csv,Full authored content reviewed; empty modules classified where applicable
frontend/src/app/(app)/settings/account/page.tsx,1055,14cecee7bf94887228c86e0ef7f0d0a6a8c218d14bf536891304988723155e5d,read_complete,coverage-frontend.csv,Full authored content reviewed; empty modules classified where applicable
frontend/src/app/(app)/settings/companion/page.tsx,27,9218c7e5e7793a4f85bbe045efb41430da57479e69b7c704ef578ef8544c8abf,read_complete,coverage-frontend.csv,Full authored content reviewed; empty modules classified where applicable
frontend/src/app/(app)/settings/integrations/page.tsx,604,1a476fce5e906af7627e506a613a04bf90eef8ecc9ba345a78824d7fd15ec20f,read_complete,coverage-frontend.csv,Full authored content reviewed; empty modules classified where applicable
frontend/src/app/(app)/settings/memory/page.tsx,136,0b3dd2c416170727fa8e6abdd3bc000cd082bc46c12ababacaef027763df9a73,read_complete,coverage-frontend.csv,Full authored content reviewed; empty modules classified where applicable
frontend/src/app/(app)/settings/models/page.tsx,562,922ee52c51e56ce56fbaeae7cb4c7815cf43aa4909a3d65f435a110d5c01d630,read_complete,coverage-frontend.csv,Full authored content reviewed; empty modules classified where applicable
frontend/src/app/(app)/settings/page.tsx,5,d4ce0d3dd2f2a7c238840ad0840f712620c1bcb06d4f7fc8d93bf72347445f99,read_complete,coverage-frontend.csv,Full authored content reviewed; empty modules classified where applicable
frontend/src/app/(app)/settings/profile/page.tsx,320,8ee8e7f5586e677bcc889eca76ae2c936834e30642bda2440077dedc11c075d6,read_complete,coverage-frontend.csv,Full authored content reviewed; empty modules classified where applicable
frontend/src/app/(auth)/login/page.tsx,492,bcc733622427568fea93caed7c5fc6ffd96254a313cdcbb2f5476f78da58c280,read_complete,coverage-frontend.csv,Full authored content reviewed; empty modules classified where applicable
frontend/src/app/(auth)/register/page.tsx,7,a34a718ed2e25697e2106d96675b130f5b6459be0e59a350158e31e02c432ffc,read_complete,coverage-frontend.csv,Full authored content reviewed; empty modules classified where applicable
frontend/src/app/(marketing)/about/page.tsx,64,5204c3c10944fdb57d67964ec1ef85e9a7a5b1bddc51ca0c17eb4427813f32ea,read_complete,coverage-frontend.csv,Full authored content reviewed; empty modules classified where applicable
frontend/src/app/(marketing)/contact/page.tsx,31,f2cb501ae2a68286cd2ca91fe9372c6a6028cfe10f559906a893a3712a44a839,read_complete,coverage-frontend.csv,Full authored content reviewed; empty modules classified where applicable
frontend/src/app/(marketing)/cookies/page.tsx,97,5600a404f47878290437266ef94d6aa8efd4f2e747ba7e19dcce31adef145c9f,read_complete,coverage-frontend.csv,Full authored content reviewed; empty modules classified where applicable
frontend/src/app/(marketing)/docs/page.tsx,77,dde07674f3c529c427c1ebfc050f8b0782b48490dc7ec0f740ff2427004ec195,read_complete,coverage-frontend.csv,Full authored content reviewed; empty modules classified where applicable
frontend/src/app/(marketing)/layout.tsx,17,75f8b167b6e9e433693f2a5684f6e9491ebd3ca008a33fb5aeb79c0441e8a8ee,read_complete,coverage-frontend.csv,Full authored content reviewed; empty modules classified where applicable
frontend/src/app/(marketing)/page.tsx,41,f1d7ba68004c8d2b245c99cf54a3ae08ff3f52ffcb21ab67c9a51445285ae9ec,read_complete,coverage-frontend.csv,Full authored content reviewed; empty modules classified where applicable
frontend/src/app/(marketing)/pricing/page.tsx,59,d68df89c365e88fc4f2e69710e07625281f32c5221f4462bdd2331a9f65912ae,read_complete,coverage-frontend.csv,Full authored content reviewed; empty modules classified where applicable
frontend/src/app/(marketing)/privacy/page.tsx,136,43a80cbc6011d4be898343cbdffcbd41ddb20cc6203db84bdd80e7e5fa58496b,read_complete,coverage-frontend.csv,Full authored content reviewed; empty modules classified where applicable
frontend/src/app/(marketing)/refund/page.tsx,88,55d249b72628d27938c9c6bc39528d32f4ce958d3b9abedf7fdf7b6e77ecbc81,read_complete,coverage-frontend.csv,Full authored content reviewed; empty modules classified where applicable
frontend/src/app/(marketing)/status/page.tsx,12,325fb024fc09401eccb054c41bba7b56adbfec3713ece07271bbe3a133d7be5a,read_complete,coverage-frontend.csv,Full authored content reviewed; empty modules classified where applicable
frontend/src/app/(marketing)/terms/page.tsx,118,a8e453bd6ce3e644dafc768af0546a70a6d911ae613d90275d07cc2178f4482a,read_complete,coverage-frontend.csv,Full authored content reviewed; empty modules classified where applicable
frontend/src/app/error.tsx,43,56e55ffb516909dd5cadd0eb3e7f20f5d7599e96f7e04746e9fe6d8f2be5d887,read_complete,coverage-frontend.csv,Full authored content reviewed; empty modules classified where applicable
frontend/src/app/favicon.ico/route.ts,3,832326565f805ab71734953500a874bf7da05db104d6907eb2f6fceab3120ec9,read_complete,coverage-frontend.csv,Full authored content reviewed; empty modules classified where applicable
frontend/src/app/globals.css,501,a5e62b714881c6d50bb29ffca8168e8d3a94c57507bb548c7fb51fbd38dcd9ec,read_complete,coverage-frontend.csv,Full authored content reviewed; empty modules classified where applicable
frontend/src/app/icon.svg,4,0c468d855e9d95ff6db4dade781bae64642b1e7b2008be3784ec034eac2d39ca,read_complete,coverage-frontend.csv,Full authored content reviewed; empty modules classified where applicable
frontend/src/app/layout.tsx,119,ba2ca6694f3fec3113baea8e8b2ac869dd826ab4725d976e4cf5cc11060ee377,read_complete,coverage-frontend.csv,Full authored content reviewed; empty modules classified where applicable
frontend/src/app/not-found.tsx,27,7abf6c1bdbc60c90facc6d664cafea9fcbd3450dae78b99a9fcecc87be2ed4d1,read_complete,coverage-frontend.csv,Full authored content reviewed; empty modules classified where applicable
frontend/src/app/opengraph-image.tsx,64,f2c2aa43db18ca60bf5b4561400a1a2ae40367527245729713cbb2cd7a93e362,read_complete,coverage-frontend.csv,Full authored content reviewed; empty modules classified where applicable
frontend/src/app/robots.ts,35,a855958839018bb3db5cba43973e79e8d71e620a9913b57b1450ea74b6cc368d,read_complete,coverage-frontend.csv,Full authored content reviewed; empty modules classified where applicable
frontend/src/app/session-task/page.tsx,42,614f9e0c3e97f0a5b81fb1b41fbad8d9d2fb6ae4e4c677559f3b63aef8dc1b5d,read_complete,coverage-frontend.csv,Full authored content reviewed; empty modules classified where applicable
frontend/src/app/sitemap.ts,45,2e08a4eef9b7f78cfb9d0e2ce96c518cc06d56334a7a967a7772bbdb32dbf2c9,read_complete,coverage-frontend.csv,Full authored content reviewed; empty modules classified where applicable
frontend/src/app/sso-callback/page.tsx,62,7a192735e307e24fb5d614b987a363e69ecc5624de965fdaa89a5c463e8c796b,read_complete,coverage-frontend.csv,Full authored content reviewed; empty modules classified where applicable
frontend/src/components/agents/AgentStatusCard.tsx,97,852b6d0bad76e44682d6713deda3ffcf4ac9f35a51a4035e4b4b648f13f5a722,read_complete,coverage-frontend.csv,Full authored content reviewed; empty modules classified where applicable
frontend/src/components/agents/AgentStatusStream.tsx,248,e815b655936d23f5e33ddb863b1d442b0cedba4b241625b2f0da0a8674020119,read_complete,coverage-frontend.csv,Full authored content reviewed; empty modules classified where applicable
frontend/src/components/agents/ApprovalCard.tsx,66,d23d99b8cb7b25869b380e378e0c07bbb832cb3aed43f07e369245dfdbb3a42b,read_complete,coverage-frontend.csv,Full authored content reviewed; empty modules classified where applicable
frontend/src/components/agents/ApprovalModal.tsx,559,0b0077ac1483768bfe20184bbb8be45d6076773fa0fb608e41ff3da30917cea4,read_complete,coverage-frontend.csv,Full authored content reviewed; empty modules classified where applicable
frontend/src/components/agents/AutoApplyPanel.tsx,343,83a8976defb3959e812d06d5bfb5a2f267db058e69d36ffc276123c4f045ba89,read_complete,coverage-frontend.csv,Full authored content reviewed; empty modules classified where applicable
frontend/src/components/agents/ComputerPanel.tsx,190,86fbcbdc01a57289b71f29b5dc9905a7eb472d9b27e25bea0caa9be0a1c29fe6,read_complete,coverage-frontend.csv,Full authored content reviewed; empty modules classified where applicable
frontend/src/components/agents/CopilotRunCard.tsx,63,6b501169e8653d92c5b21994636a0be7e2f07860e996ff0c1c584482d4ae55f4,read_complete,coverage-frontend.csv,Full authored content reviewed; empty modules classified where applicable
frontend/src/components/agents/CopilotSessionProvider.tsx,89,c3590562e326942d55aaac9ccf7607ff686100649d29e40bcd35a36e40c63b7b,read_complete,coverage-frontend.csv,Full authored content reviewed; empty modules classified where applicable
frontend/src/components/agents/LiveBrowserSurface.tsx,103,5108ceab75bbe8c979fc519e887623fddf2abe68cc1002b65d25bfb7e2f8edbc,read_complete,coverage-frontend.csv,Full authored content reviewed; empty modules classified where applicable
frontend/src/components/agents/ResumeUpload.tsx,29,9ade06f71d6c9e08afd35ca7a013b64598b14c587ccac96c349a694e57677ad6,read_complete,coverage-frontend.csv,Full authored content reviewed; empty modules classified where applicable
frontend/src/components/apps/ApplicationDrawer.tsx,456,c1d432bec9f920e3af99d6e7de3135d23d80db7ac5bc6579e0ef0ab8e3981325,read_complete,coverage-frontend.csv,Full authored content reviewed; empty modules classified where applicable
frontend/src/components/apps/ApplicationList.tsx,180,2e8cdf023f70cf8e5606fe45c7dd4b8bf8cff1096326e614efd2005605efe086,read_complete,coverage-frontend.csv,Full authored content reviewed; empty modules classified where applicable
frontend/src/components/auth/AuthGateClient.tsx,30,a64f7d20405e1f42bae7bce1dfe3310feda3bae21c55c9da4b648519891e8142,read_complete,coverage-frontend.csv,Full authored content reviewed; empty modules classified where applicable
frontend/src/components/auth/OnboardingGuard.tsx,272,46508c02cac1cca5d471c092bad81cd334f1d22dfe2dbb1c6d5fb46c2b7d2013,read_complete,coverage-frontend.csv,Full authored content reviewed; empty modules classified where applicable
frontend/src/components/auth/UserMenu.tsx,135,9a3e1513dc00aa07f1962ade95639fa005dbdb8ffe3612f486633f288f7693cb,read_complete,coverage-frontend.csv,Full authored content reviewed; empty modules classified where applicable
frontend/src/components/auth/UserStatusContext.tsx,30,ff68d6b156cf314075a23306311038b1ce7629be7f0b9c8e4a5eb6a125be5cb3,read_complete,coverage-frontend.csv,Full authored content reviewed; empty modules classified where applicable
frontend/src/components/companion/CompanionChat.tsx,38,26692ec512bdbee7deb9ef14e2918ee6618e9ebcf7eba8b5bd80ac47a2720295,read_complete,coverage-frontend.csv,Full authored content reviewed; empty modules classified where applicable
frontend/src/components/companion/CompanionPet.tsx,9,c1a66b554cb3697d073176a1d1f37ab93a0619693194be5f347a9ef871fdb2f1,read_complete,coverage-frontend.csv,Full authored content reviewed; empty modules classified where applicable
frontend/src/components/companion/CompanionProvider.tsx,54,95aa80bf6194be149ff2b8b2bf62c27984ef924f054f58885279dccc2905ddd8,read_complete,coverage-frontend.csv,Full authored content reviewed; empty modules classified where applicable
frontend/src/components/companion/FloatingCompanion.tsx,79,6d5c3d52110ba1ca82dd4da457a10f941cf13a3e07816334da94116e82f471c7,read_complete,coverage-frontend.csv,Full authored content reviewed; empty modules classified where applicable
frontend/src/components/companion/companion.css,52,fe9f53d42e6beb3e0ade4e3c6196ec80ff76813f3d845a5ce76eec940bc54692,read_complete,coverage-frontend.csv,Full authored content reviewed; empty modules classified where applicable
frontend/src/components/icons/BrandIcons.tsx,17,6c6f37e27500dfb3600097d97c35c5e6dd83f205d9b4302c5661ba0fa336b718,read_complete,coverage-frontend.csv,Full authored content reviewed; empty modules classified where applicable
frontend/src/components/immersive/BlurText.tsx,29,28907fb911362504028393df9db94856a7095ea21b804f0b8b9106f71781889d,read_complete,coverage-frontend.csv,Full authored content reviewed; empty modules classified where applicable
frontend/src/components/immersive/CareerCommandScene.tsx,105,f27af37e9c8f474ae4c70a3b5eca434bc5e80d95c32613bfd36d29c49a66b0b3,read_complete,coverage-frontend.csv,Full authored content reviewed; empty modules classified where applicable
frontend/src/components/immersive/CommandHeader.tsx,35,c11dc729636f9427b6c30d3bbf5989ec0420d60408472e1761c4abc8e097a47e,read_complete,coverage-frontend.csv,Full authored content reviewed; empty modules classified where applicable
frontend/src/components/immersive/FilmGrain.tsx,3,83da560e889f5a6f2d630db82eb967b525cec45ac62e00b5c271c43e8d5e2197,read_complete,coverage-frontend.csv,Full authored content reviewed; empty modules classified where applicable
frontend/src/components/immersive/GlassSurface.tsx,34,aaff44b4349d7ceb7a59c4c5536b391c0e4e22d56322b9b226a90e42ff4115e5,read_complete,coverage-frontend.csv,Full authored content reviewed; empty modules classified where applicable
frontend/src/components/immersive/ImmersiveCanvas.tsx,29,f95313bfb8d0057de9b9943734deca7ba0d66cf36a29af470299c7b0a171da83,read_complete,coverage-frontend.csv,Full authored content reviewed; empty modules classified where applicable
frontend/src/components/immersive/MetricOrb.tsx,48,7c96d271e38de8b5e5adf6d5313c407bc98c807ccfd1de4297277e79cfc299db,read_complete,coverage-frontend.csv,Full authored content reviewed; empty modules classified where applicable
frontend/src/components/immersive/VideoBackdrop.tsx,39,e35c5d7b2ce699a8c34a548ca885e3d48919c24d6c620fbd2907068cf634ab0a,read_complete,coverage-frontend.csv,Full authored content reviewed; empty modules classified where applicable
frontend/src/components/integrations/GitHubSettings.tsx,159,84e355b6580edf178c5853bea2c290200d4032b4e37cc6bff7efd9ad86ee2e6c,read_complete,coverage-frontend.csv,Full authored content reviewed; empty modules classified where applicable
frontend/src/components/interview/DictationButton.tsx,111,ddf5dc6206db0a80fee10a66026a83bee46095ac53d85384b8f19d108a08a564,read_complete,coverage-frontend.csv,Full authored content reviewed; empty modules classified where applicable
frontend/src/components/interview/InterviewHistoryPanel.tsx,134,458f256a0a021dd4cb07838ad6a6b719420d26e62827417d84d1091a3169bba8,read_complete,coverage-frontend.csv,Full authored content reviewed; empty modules classified where applicable
frontend/src/components/interview/InterviewSkeleton.tsx,98,0806b2ca0950d125734c6013eaf0c6af3d2627efd3c6f357c90fe70990b61bfe,read_complete,coverage-frontend.csv,Full authored content reviewed; empty modules classified where applicable
frontend/src/components/interview/MockInterviewPanel.tsx,455,2c17c353cdf417ef5eb5da5d9f888c486b6e40f3a5bfc073b2ab0348bed0f6bf,read_complete,coverage-frontend.csv,Full authored content reviewed; empty modules classified where applicable
frontend/src/components/interview/PrepPlanPanel.tsx,937,9f6cf64c3a260acae3f801e82743d09b43796366ae4b4b1b08249c44105c26ba,read_complete,coverage-frontend.csv,Full authored content reviewed; empty modules classified where applicable
frontend/src/components/interview/ScoreRing.tsx,100,280ab0918878803b3d94a8022b607bccddfda524d1810d1428a4582a592c0959,read_complete,coverage-frontend.csv,Full authored content reviewed; empty modules classified where applicable
frontend/src/components/jobs/JobSearchBasis.tsx,85,d66fdeff405372a54deb876ec4dd2d1f582c4af7573adf5097e057bf5786e9de,read_complete,coverage-frontend.csv,Full authored content reviewed; empty modules classified where applicable
frontend/src/components/layout/AppImmersiveStage.tsx,20,a16e32ab1b647e7c76b4501b64fb25b801ab5298c9344faa2465f649d0bc65ca,read_complete,coverage-frontend.csv,Full authored content reviewed; empty modules classified where applicable
frontend/src/components/layout/AppShell.tsx,54,69cd2d484e266b8701677280559d5c7da4efbc07f6b91c0426cb6f178875afdf,read_complete,coverage-frontend.csv,Full authored content reviewed; empty modules classified where applicable
frontend/src/components/layout/AppSidebar.tsx,134,bd9d73a7a57d24b3f7602ac34d05f8a8af9e9a20c5f83b26e7f1d3020e46e315,read_complete,coverage-frontend.csv,Full authored content reviewed; empty modules classified where applicable
frontend/src/components/layout/AppTopbar.tsx,233,2d53eafe8be501a883100071e0fff06a7b8067202e1f7a4eeffb180b20c55a91,read_complete,coverage-frontend.csv,Full authored content reviewed; empty modules classified where applicable
frontend/src/components/layout/ConstellationBackground.tsx,163,4c8153856a01cdc62b62ddd509064c2f7ddfd6b91997928ee0e02defdd676c59,read_complete,coverage-frontend.csv,Full authored content reviewed; empty modules classified where applicable
frontend/src/components/layout/CookieBanner.tsx,64,8caa197f5e2d6a1706a165edc31236863634604b5890f05fe604034955eaa4f1,read_complete,coverage-frontend.csv,Full authored content reviewed; empty modules classified where applicable
frontend/src/components/layout/PageTransition.tsx,14,befd86c14beb90b5de32f0c7708981c0dd6e84b47746f3faa37fb2ddb0e9b30a,read_complete,coverage-frontend.csv,Full authored content reviewed; empty modules classified where applicable
frontend/src/components/layout/PendingDeletionBanner.tsx,60,6d55150f1c6ca63d471ed6f5ff3beeb14ba44e342a39ad42b0a363d91e00156c,read_complete,coverage-frontend.csv,Full authored content reviewed; empty modules classified where applicable
frontend/src/components/layout/Providers.tsx,51,5adb2a24959109f0693ef12f59cfba5cf494b10bd58c36f4145493fc80d2f549,read_complete,coverage-frontend.csv,Full authored content reviewed; empty modules classified where applicable
frontend/src/components/linkedin/ProfilePdfUpload.tsx,160,c58643157d3b2835d3d6ca5fa8d218ec9de47efef6e211af52e7bb8316d934b5,read_complete,coverage-frontend.csv,Full authored content reviewed; empty modules classified where applicable
frontend/src/components/marketing/ContactForm.tsx,62,2d4c9d42b39ee61ed4508b0e93abb4a83b9bd899f927a16d45eca72c6bc2ca2e,read_complete,coverage-frontend.csv,Full authored content reviewed; empty modules classified where applicable
frontend/src/components/marketing/DemoSection.tsx,204,1843ad0bc206af4802b4f78b2b1c784f4855dc7b5dc838b81f79d979c9b01c3e,read_complete,coverage-frontend.csv,Full authored content reviewed; empty modules classified where applicable
frontend/src/components/marketing/FaqAccordion.tsx,43,03bfba4ae1fbb284358175b70d3866785120581cc97599ab1dea7f3ba1f6dd37,read_complete,coverage-frontend.csv,Full authored content reviewed; empty modules classified where applicable
frontend/src/components/marketing/FeaturesGrid.tsx,95,6941b4d1ceb5b9855655832e8dcf9d9850f640699bd50bb78a4bd59340cd2fa8,read_complete,coverage-frontend.csv,Full authored content reviewed; empty modules classified where applicable
frontend/src/components/marketing/Footer.tsx,106,db2f86657d2f8875f6b9c491ee6517490d2df626c5506d62a01df5779d220d21,read_complete,coverage-frontend.csv,Full authored content reviewed; empty modules classified where applicable
frontend/src/components/marketing/HeroA.tsx,120,d7f12c34b3e83e8bc50f6065ade31aadd5654ff5706bf612d66adef8bd317102,read_complete,coverage-frontend.csv,Full authored content reviewed; empty modules classified where applicable
frontend/src/components/marketing/HeroB.tsx,46,aac940428e77d7ca3d558b664816385c1a400bc71bb4228d6603971ce5431a6c,read_complete,coverage-frontend.csv,Full authored content reviewed; empty modules classified where applicable
frontend/src/components/marketing/HowItWorks.tsx,90,b96811a57c2fbb81cafd69305a96ef15e2a34ffcf9fd303016e74081b0313211,read_complete,coverage-frontend.csv,Full authored content reviewed; empty modules classified where applicable
frontend/src/components/marketing/MarqueeRow.tsx,45,1e9891da814129ea350a0d8602a9bd69f24b640cc25f518e4ea12104d8d80e4d,read_complete,coverage-frontend.csv,Full authored content reviewed; empty modules classified where applicable
frontend/src/components/marketing/Navbar.tsx,84,813df06a6374e561bc5fc19bf09b1eee1a31c1ca1be138cde1796e900684a037,read_complete,coverage-frontend.csv,Full authored content reviewed; empty modules classified where applicable
frontend/src/components/marketing/PricingSection.tsx,63,d774bc3264b4899b4c5d6079bc7dcdd35f115403a4c49aac89f6bd88997b669c,read_complete,coverage-frontend.csv,Full authored content reviewed; empty modules classified where applicable
frontend/src/components/marketing/StatusPageClient.tsx,134,27b1de64bc9b07674a54daed461b4aed51073e7451d838a2a59fea8758de958a,read_complete,coverage-frontend.csv,Full authored content reviewed; empty modules classified where applicable
frontend/src/components/onboarding/OnboardingStepper.tsx,51,3f67ef031e3a7c96b519f7b048ab3f35272f285243ca560ca57d58039db28b93,read_complete,coverage-frontend.csv,Full authored content reviewed; empty modules classified where applicable
frontend/src/components/resume/AtsScoreRing.tsx,52,a6c16c41e20570d8f8353e929fde3e82d17e16be4e0190b9ba565e34d327d382,read_complete,coverage-frontend.csv,Full authored content reviewed; empty modules classified where applicable
frontend/src/components/resume/GithubProjects.tsx,37,9aa3eed3f19799aad725374ce375412ef435659d1eeda860acb0fe838d669faa,read_complete,coverage-frontend.csv,Full authored content reviewed; empty modules classified where applicable
frontend/src/components/resume/KeywordCoverage.tsx,74,5bff8ecdfa87341d7ca525ca7e650b18afc5e37146e1afcc7c097aeb026ee932,read_complete,coverage-frontend.csv,Full authored content reviewed; empty modules classified where applicable
frontend/src/components/resume/ResumeFixPanel.tsx,1596,075bbe89e19682bedc85105d9245351f7acb3233102c925e8d6910c6723ea2fe,read_complete,coverage-frontend.csv,Full authored content reviewed; empty modules classified where applicable
frontend/src/components/resume/ResumeList.tsx,75,af1f1cd6b6dd5d407a44139209aaaf44c2e128e51ffa40b0cb535a3e82013a11,read_complete,coverage-frontend.csv,Full authored content reviewed; empty modules classified where applicable
frontend/src/components/resume/ResumePreview.tsx,419,5d4e7e41b43663829bb8560bc72731d3b33ac3259f981abca8ffdd3ab5b83e55,read_complete,coverage-frontend.csv,Full authored content reviewed; empty modules classified where applicable
frontend/src/components/resume/ResumeTemplates.tsx,136,49585187e4ee9b276b0a1168880892f740d797f93d45b9deddee12e2da26a0b7,read_complete,coverage-frontend.csv,Full authored content reviewed; empty modules classified where applicable
frontend/src/components/resume/ScoreExplanation.tsx,18,d3fecfe3fc5fe3a36001c56340a64148101c1bf2c138a48960b1815e8a3d2847,read_complete,coverage-frontend.csv,Full authored content reviewed; empty modules classified where applicable
frontend/src/components/resume/SuggestionsList.tsx,17,dc72b027e0cd8be604d1a5bfb1819d82f1f2700787d04cf3557256568eaf04f6,read_complete,coverage-frontend.csv,Full authored content reviewed; empty modules classified where applicable
frontend/src/components/resume/sample-resume.ts,34,e938e964d6dc2f949867db4b89889fe87c78d9b6018e13c577cec6d00cc45509,read_complete,coverage-frontend.csv,Full authored content reviewed; empty modules classified where applicable
frontend/src/components/seo/Breadcrumbs.tsx,49,84c4218c9621a6ad4b35dcfaa74cbb3139ee879daedd88c8003708419412e9fe,read_complete,coverage-frontend.csv,Full authored content reviewed; empty modules classified where applicable
frontend/src/components/seo/JsonLd.tsx,11,352401bfad5155b0260108b57ec6cab576739ab633379932aaaaf568e9f58c8a,read_complete,coverage-frontend.csv,Full authored content reviewed; empty modules classified where applicable
frontend/src/components/settings/BrowserExtensionCard.tsx,468,ff261e951a53eb347e6a45517ca02b1d7ea960fb0faaa0ac6da2c79e7489d9e1,read_complete,coverage-frontend.csv,Full authored content reviewed; empty modules classified where applicable
frontend/src/components/settings/ResumePreferences.tsx,152,6c0a582a04762430ffa25d2343499a42b4f744ea1f06b19a7ce0e1bfa57e5e52,read_complete,coverage-frontend.csv,Full authored content reviewed; empty modules classified where applicable
frontend/src/components/settings/SettingsNav.tsx,77,dd472c6e4943c669f0e6e3d9c85e5b993c53237029c3fb59d67580d70e26e319,read_complete,coverage-frontend.csv,Full authored content reviewed; empty modules classified where applicable
frontend/src/components/theme/ThemeProvider.tsx,78,602ce6690396f638a11c5c12731f8b1312895e834801e9ecb94ff86c2b83396d,read_complete,coverage-frontend.csv,Full authored content reviewed; empty modules classified where applicable
frontend/src/components/theme/ThemeToggle.tsx,5,d933e81f9b422156292662e3e99ac1d3f3704a05a192b2c9795c1ff651d398ce,read_complete,coverage-frontend.csv,Full authored content reviewed; empty modules classified where applicable
frontend/src/components/theme/theme-interactions.test.mjs,73,476b773d818a8ab35730f10820cf2e24660285b8690c21861357e73bf5df25d4,read_complete,coverage-frontend.csv,Full authored content reviewed; empty modules classified where applicable
frontend/src/components/theme/theme-script.tsx,22,9d79cb743a52ae0d14b1335499b1ae48e3bf09cbf21b620904b437cae5b5c594,read_complete,coverage-frontend.csv,Full authored content reviewed; empty modules classified where applicable
frontend/src/components/ui/EmptyState.tsx,22,91e1c8faded043dc8bb0750fa919fa6731da833d53b7ada052cdc1eb314b915a,read_complete,coverage-frontend.csv,Full authored content reviewed; empty modules classified where applicable
frontend/src/components/ui/ErrorState.tsx,18,ac35ca30014473949861e068071c4a7160b3f13a1d6eb94d905b4cce68bd4d01,read_complete,coverage-frontend.csv,Full authored content reviewed; empty modules classified where applicable
frontend/src/components/ui/FeatureCard.tsx,34,f634774cc150d346e40443c42846af88f219175ac53ce8f8a7d8991de56c9902,read_complete,coverage-frontend.csv,Full authored content reviewed; empty modules classified where applicable
frontend/src/components/ui/JobMatchCard.tsx,139,fff6da862e0454a206a44ac4526f2f16a945268cdb88efa91ab1961ed524d50f,read_complete,coverage-frontend.csv,Full authored content reviewed; empty modules classified where applicable
frontend/src/components/ui/LiquidGlassButton.tsx,38,7b0a1ca2284b9fac0e636230cee8d9782146725089990a5ad8e81a6f7f417039,read_complete,coverage-frontend.csv,Full authored content reviewed; empty modules classified where applicable
frontend/src/components/ui/LoadingState.tsx,9,c32e10cab4b25496099abfae06daf2b00ba7076c6910ab81047dcc6aeaa7d8f7,read_complete,coverage-frontend.csv,Full authored content reviewed; empty modules classified where applicable
frontend/src/components/ui/LocationInput.tsx,117,938324fa9fd68a6caebc23e5c1cf16bdc589c373ca3f580c545b942dd1d7ffc2,read_complete,coverage-frontend.csv,Full authored content reviewed; empty modules classified where applicable
frontend/src/components/ui/MetricCard.tsx,63,1505a4b218e90ece41ae07b3e71a5103f7165ca38d369c5a02ddfc5864d6d849,read_complete,coverage-frontend.csv,Full authored content reviewed; empty modules classified where applicable
frontend/src/components/ui/PricingCard.tsx,79,4d36a74ceab56bfc30d2075355dd03137e4d4e1daa79241c479cc7f98524b943,read_complete,coverage-frontend.csv,Full authored content reviewed; empty modules classified where applicable
frontend/src/components/ui/ResumeScoreCard.tsx,139,67b83ac3647c4db88a5476ddad7e600c9b28711a5d93973f0a7d924f6cc4edd9,read_complete,coverage-frontend.csv,Full authored content reviewed; empty modules classified where applicable
frontend/src/components/ui/VideoBackground.tsx,24,12d79fd21829b6d7a3129b6b7703b2306e7daed89f16fd8df319b9c6cc2a46dd,read_complete,coverage-frontend.csv,Full authored content reviewed; empty modules classified where applicable
frontend/src/components/ui/badge.tsx,25,96c1fe8d66e629458c171ec238f2be9000357164efe60bb5de5090991ee75388,read_complete,coverage-frontend.csv,Full authored content reviewed; empty modules classified where applicable
frontend/src/components/ui/button.tsx,47,49d78a6451d332de4dd1a2d7efd841deb73813238e525c37845659e49b5f866e,read_complete,coverage-frontend.csv,Full authored content reviewed; empty modules classified where applicable
frontend/src/components/ui/card.tsx,32,2267c5f4711bbfc0ebd1e8acaacf93d8cb56308bd7bbbae90cb46986862c0476,read_complete,coverage-frontend.csv,Full authored content reviewed; empty modules classified where applicable
frontend/src/components/ui/dialog.tsx,50,716c0254cdeef08e0b7dfdb46bdf4c5865ed35f7b92c80a0cb7c1e8e81cd8347,read_complete,coverage-frontend.csv,Full authored content reviewed; empty modules classified where applicable
frontend/src/components/ui/input.tsx,21,22bd51109c62325b1e8af469ec9b84b994f84edbfb505596a827123a8fb69088,read_complete,coverage-frontend.csv,Full authored content reviewed; empty modules classified where applicable
frontend/src/components/ui/label.tsx,26,969f8597a2b03f89461728c6e271fd3b6c0d3e781c2e615552e73b0db3d0a2cc,read_complete,coverage-frontend.csv,Full authored content reviewed; empty modules classified where applicable
frontend/src/components/ui/scroll-area.tsx,24,41f2eeb9e82ae93c0a920af10cca4b172a5349ad2557edda93286e90c292173c,read_complete,coverage-frontend.csv,Full authored content reviewed; empty modules classified where applicable
frontend/src/components/ui/select.tsx,69,5fae1b38d759d0d235689efa1d10e991d59bf8269fc69df01fb1046cad12ed1a,read_complete,coverage-frontend.csv,Full authored content reviewed; empty modules classified where applicable
frontend/src/components/ui/sign-in.tsx,602,4bbc4da47beefd60046e339f248cd2b2a0e1e495ea990894c34ed5de28e56741,read_complete,coverage-frontend.csv,Full authored content reviewed; empty modules classified where applicable
frontend/src/components/ui/switch.tsx,29,390e269f86d974d237022c1d0d02f70940a63e6a0634297ac90268655118f9c5,read_complete,coverage-frontend.csv,Full authored content reviewed; empty modules classified where applicable
frontend/src/components/ui/textarea.tsx,20,c01284c590a12496a3bc68a3030217d5bc32c382ed3e45881090a175c689f90a,read_complete,coverage-frontend.csv,Full authored content reviewed; empty modules classified where applicable
frontend/src/components/ui/theme-switch.tsx,73,a7f7d8f7507f20414d5e813fded7e977fb794c7051fa2fffeb195711e932ca19,read_complete,coverage-frontend.csv,Full authored content reviewed; empty modules classified where applicable
frontend/src/components/vanguard/Bezel.tsx,63,16e3399d9ee10d614174ae81ec26b4ad8990f84edbd40f0779ed07b7fb9864fa,read_complete,coverage-frontend.csv,Full authored content reviewed; empty modules classified where applicable
frontend/src/components/vanguard/Controls.tsx,150,12b534dc6028762b88d74159559671e61af02e057a74adf88c46cccd5ae1aff7,read_complete,coverage-frontend.csv,Full authored content reviewed; empty modules classified where applicable
frontend/src/components/vanguard/Display.tsx,117,12dd584b321abcec1d089e318bae6cbe85918b129f0863447065b9b6a9bc75a8,read_complete,coverage-frontend.csv,Full authored content reviewed; empty modules classified where applicable
frontend/src/components/vanguard/Field.tsx,93,1547c9156d8e188475e8c4225af69b8010f80a54e0f43daa410da7e4d76433c9,read_complete,coverage-frontend.csv,Full authored content reviewed; empty modules classified where applicable
frontend/src/components/vanguard/IslandButton.tsx,138,59ae9722be3bf4711854e3008c6fa48e3dad337a7c8ffb388595ac58fe5a46af,read_complete,coverage-frontend.csv,Full authored content reviewed; empty modules classified where applicable
frontend/src/components/vanguard/PageHero.tsx,127,e6c03e03699fc89969849f55b452e3ade683df9a7952ee44cf2b2d10de7df39e,read_complete,coverage-frontend.csv,Full authored content reviewed; empty modules classified where applicable
frontend/src/components/vanguard/Reveal.tsx,59,159c5f778a35d9435d6510c216f795f6d7d009c33e1bebd981ea08fbf9fbe3cf,read_complete,coverage-frontend.csv,Full authored content reviewed; empty modules classified where applicable
frontend/src/components/vanguard/Screen.tsx,35,c2ea54c84912e1695fc1cd1cc684cc7102da6c687480e7caf828f574f26ae2cf,read_complete,coverage-frontend.csv,Full authored content reviewed; empty modules classified where applicable
frontend/src/components/vanguard/index.ts,25,3e1f6e346381b0942963e0d79d3646c391f6f6f2ab075f0ca7d923d8bf1f988d,read_complete,coverage-frontend.csv,Full authored content reviewed; empty modules classified where applicable
frontend/src/components/vanguard/motion.ts,76,3635a12909f94b8833c8fd5c3b8ff1b9744b90170525f1f2e0794e221e1ef610,read_complete,coverage-frontend.csv,Full authored content reviewed; empty modules classified where applicable
frontend/src/lib/agent-run.ts,66,d353b3d24930cb65995b07962ab01d7da02a13e4b90a16d91572b7b655019d64,read_complete,coverage-frontend.csv,Full authored content reviewed; empty modules classified where applicable
frontend/src/lib/api.ts,129,4244d2c6afd423d82d03cffca95271e0b21683cddfac2642d2ed4fbca85fc466,read_complete,coverage-frontend.csv,Full authored content reviewed; empty modules classified where applicable
frontend/src/lib/applications-api.ts,112,3f80150798f48def22753f27ad4b8fc6e85e57a3ad11d1f99693e50fdf5813ff,read_complete,coverage-frontend.csv,Full authored content reviewed; empty modules classified where applicable
frontend/src/lib/assisted-apply.ts,39,434bb7a68d2a399605b30cb16789807fed8d8ebf246736345fa99b2aada96231,read_complete,coverage-frontend.csv,Full authored content reviewed; empty modules classified where applicable
frontend/src/lib/clerk-token.ts,59,68763c5731b50e39390232078ab080c8c0c1ede313f9f90a39c297d53dc51af3,read_complete,coverage-frontend.csv,Full authored content reviewed; empty modules classified where applicable
frontend/src/lib/copilot-activity.test.mjs,53,be868a7e82f51c74e55831c77fd329f9a54d20c73de8dc33a0bde80e27b59a53,read_complete,coverage-frontend.csv,Full authored content reviewed; empty modules classified where applicable
frontend/src/lib/copilot-activity.ts,51,b17bbb1be73fd4a27b783fad1f3c4a2e38065f33bd46a326d7973fb789d83924,read_complete,coverage-frontend.csv,Full authored content reviewed; empty modules classified where applicable
frontend/src/lib/copilot.ts,67,fb7ebfa7285edd93d68d675480cc0f7473adb77f4162d0756f69bd640dd548a2,read_complete,coverage-frontend.csv,Full authored content reviewed; empty modules classified where applicable
frontend/src/lib/dictation.test.mjs,15,f9baee1e4331a6a2befb22b9b4bb3be90aeab3a8b47992743d066d5f8ab4a27e,read_complete,coverage-frontend.csv,Full authored content reviewed; empty modules classified where applicable
frontend/src/lib/dictation.ts,31,45cf60d37c03f3d91ec22a623527b9092123b880ebe486d222fe9e47b6c3d7e2,read_complete,coverage-frontend.csv,Full authored content reviewed; empty modules classified where applicable
frontend/src/lib/extension-bridge.ts,53,8b5787221dcb75119eae7ea946a97608f0f38076b71dccf69103f6ea616d76c3,read_complete,coverage-frontend.csv,Full authored content reviewed; empty modules classified where applicable
frontend/src/lib/interview-history.test.mjs,33,6a2d3ff6816e1d6c250eb0075f9ce653ba148cda03c4977aa5d9917f5b9ff6f7,read_complete,coverage-frontend.csv,Full authored content reviewed; empty modules classified where applicable
frontend/src/lib/interview-history.ts,63,99be437c65a428618f913b922a17b658270894aaa63b87cd488f1a1da561d428,read_complete,coverage-frontend.csv,Full authored content reviewed; empty modules classified where applicable
frontend/src/lib/job-handoff.test.mjs,24,9dd172db6e9036ead9911d53c30428b479e9a19ab633b61ec79d88b0e678d7df,read_complete,coverage-frontend.csv,Full authored content reviewed; empty modules classified where applicable
frontend/src/lib/job-handoff.ts,35,eb182d7fe8e1db6a5362916399e12e7b8184cfc4468fa6cb0ad609e84446274b,read_complete,coverage-frontend.csv,Full authored content reviewed; empty modules classified where applicable
frontend/src/lib/locations.test.mjs,20,d136147b5533d5e833a09d97d6728e3d1de073b601b14433543ef0beda069f91,read_complete,coverage-frontend.csv,Full authored content reviewed; empty modules classified where applicable
frontend/src/lib/locations.ts,69,91c80e5b50aa206f1ff24af6b840a2e36be4e963bcb40007160c853fac296f9f,read_complete,coverage-frontend.csv,Full authored content reviewed; empty modules classified where applicable
frontend/src/lib/model-providers.ts,177,19bc20e162d9e944a2c83ce2368750c010a29818b53134074975584d6d2365d0,read_complete,coverage-frontend.csv,Full authored content reviewed; empty modules classified where applicable
frontend/src/lib/motion-variants.ts,45,006b24d1840f1cb6618b68fe1efeb4d58dddaa51d7a2c8d2f840d3eac5826aed,read_complete,coverage-frontend.csv,Full authored content reviewed; empty modules classified where applicable
frontend/src/lib/nango-connect.ts,46,c9361589a1688c0cbab828b66d7909de5be577e3903ba401f4638de6a23854ba,read_complete,coverage-frontend.csv,Full authored content reviewed; empty modules classified where applicable
frontend/src/lib/password-strength.test.mjs,18,fbe0d708e5cf255afe1cd2c6fe5837f728fc26cb6996344a7e3ef8e9739f66d7,read_complete,coverage-frontend.csv,Full authored content reviewed; empty modules classified where applicable
frontend/src/lib/password-strength.ts,19,df9f1654418959a3a9968e3e6ac86a955ca7191886482f620eaa5279b25116e9,read_complete,coverage-frontend.csv,Full authored content reviewed; empty modules classified where applicable
frontend/src/lib/profile-contracts.test.mjs,11,76aae388e05412cf226ac3d4ca7005ed782e44a2dc6f8ede3630976dd6934ed1,read_complete,coverage-frontend.csv,Full authored content reviewed; empty modules classified where applicable
frontend/src/lib/profile-contracts.ts,47,fba4aeb4a8c2c8a7a37bf92dac81835d4d7326eef761d1851d2244193e585d8a,read_complete,coverage-frontend.csv,Full authored content reviewed; empty modules classified where applicable
frontend/src/lib/resume-api.ts,19,fa8f2b561afafc9e8f6fc1f8ef7aa69f36efb05067eb243d2f8e84fa240bb7b1,read_complete,coverage-frontend.csv,Full authored content reviewed; empty modules classified where applicable
frontend/src/lib/resume-insights.test.mjs,47,17065bc3b5e243cf6e9335c2961c827b42f163be87097e79314b870de5bb1678,read_complete,coverage-frontend.csv,Full authored content reviewed; empty modules classified where applicable
frontend/src/lib/resume-insights.ts,37,22af4ec768af7091401d0318559747ba73031cbb70f8ff05f26b74375219544b,read_complete,coverage-frontend.csv,Full authored content reviewed; empty modules classified where applicable
frontend/src/lib/resume-markdown.ts,541,1aa8e814d1a73c314e37adfb966cdcaebf2b978e40accd4e8dcc34da717b8a88,read_complete,coverage-frontend.csv,Full authored content reviewed; empty modules classified where applicable
frontend/src/lib/resume-state.test.mjs,14,2ea210132726c54737276a391d1c20d9506cae452b1a0a3b5ce3344c507f23cf,read_complete,coverage-frontend.csv,Full authored content reviewed; empty modules classified where applicable
frontend/src/lib/resume-state.ts,6,47c94a66bfa6e227f06eefe7973ca9aa0fa59852a84afe570cf2e6a7162e0786,read_complete,coverage-frontend.csv,Full authored content reviewed; empty modules classified where applicable
frontend/src/lib/resume-types.ts,150,af65ac9c018308255d39e85300b121d4796a2dafb427974c15d206a7b12ae56a,read_complete,coverage-frontend.csv,Full authored content reviewed; empty modules classified where applicable
frontend/src/lib/resume-upload.ts,13,85d1ab20470554e94646496816762265a9464ed6dcd57cd44ec9509ce77a9dae,read_complete,coverage-frontend.csv,Full authored content reviewed; empty modules classified where applicable
frontend/src/lib/sanitize.ts,37,6640bde7001c5d89243e3f994e8d69c2147ea28ee5a8575d71c30aa494c75b31,read_complete,coverage-frontend.csv,Full authored content reviewed; empty modules classified where applicable
frontend/src/lib/sse.ts,126,3d220f08662c1371e8d70ca11c2bbf3667c5fcbbe80a523e122d72641dce4822,read_complete,coverage-frontend.csv,Full authored content reviewed; empty modules classified where applicable
frontend/src/lib/utils.ts,6,4acbc7165a8d54738ff62b51414e772c08fe78434e524e6d8770180d3ba2925f,read_complete,coverage-frontend.csv,Full authored content reviewed; empty modules classified where applicable
frontend/src/store/agentStore.ts,200,49676c931644bd8baf0cf075dc8310253df4f8f538b8003f9f28d758c2638388,read_complete,coverage-frontend.csv,Full authored content reviewed; empty modules classified where applicable
frontend/src/store/userSlice.ts,18,9d12a2197c48b17508ef933b60b12f21bde8ac3d2b4d1553ff4643eedd4281ae,read_complete,coverage-frontend.csv,Full authored content reviewed; empty modules classified where applicable
frontend/tailwind.config.ts,79,b76010e9c64ca586e7ba6d2de7c5719ebc8f69c9fb643ccf39b1967a7a50a376,read_complete,coverage-frontend.csv,Full authored content reviewed; empty modules classified where applicable
frontend/tsconfig.json,41,5f1263b73f021d62d4ced3745280621902f2688ffacdb6f0538123267ece5238,read_complete,coverage-frontend.csv,Full authored content reviewed; empty modules classified where applicable
locustfile.py,32,7bc55687af74230d5b12a69527c9aec0877512ad561ffb84da1ae212c13c39ea,read_complete,coverage-infrastructure.csv,Full authored content reviewed; empty modules classified where applicable
prompts/00_HOW_TO_START.md,55,276275d2051b065bbb8e95901f4da83bace5367eadd924c5f2b1f42dd3b03941,documentation_not_line_reviewed,,Documentation classified; selected architecture/security/deployment docs reviewed as context
prompts/01_MASTER_CONTEXT.md,72,db5344c0e6fce3eb0112da25699a96881dc965facfc0e5b4a5dbb88e74d8b387,documentation_not_line_reviewed,,Documentation classified; selected architecture/security/deployment docs reviewed as context
prompts/02_RULES.md,43,a75f0111c99a15455e2342e6cb1d430cf28919907e0228ab09cdf1dcdc931841,documentation_not_line_reviewed,,Documentation classified; selected architecture/security/deployment docs reviewed as context
prompts/03_PHASE_0_ENV_FIX.md,67,b69309e049e9790e492bbc37c09dc02faeb9e5726ce32ed3905a753cd3b2fa00,documentation_not_line_reviewed,,Documentation classified; selected architecture/security/deployment docs reviewed as context
prompts/04_PHASE_1_AUDIT_CLEANUP.md,67,e95db1f2e3f20ad7ad4357d146c9102d2fe13cf7d0170f5986f25fe4cd3e2612,documentation_not_line_reviewed,,Documentation classified; selected architecture/security/deployment docs reviewed as context
prompts/05_PHASE_2_VERTICAL_SLICE.md,66,21deba928dbcaadf763e27a07e236b33f0d8f3db0001e5b2981896b810520f24,documentation_not_line_reviewed,,Documentation classified; selected architecture/security/deployment docs reviewed as context
prompts/06_AGENT_SYSTEM_PROMPTS.md,160,d1d9e7eab946faa23f3d1f23532107d9f899f49f7a4634be2b21e3e9fd048978,documentation_not_line_reviewed,,Documentation classified; selected architecture/security/deployment docs reviewed as context
prompts/07_PHASE_3_ONE_AGENT.md,71,38ee0034f05a855a2e7e30b3e9f9d0b552933752fa1954f3fedf80290bab84d9,documentation_not_line_reviewed,,Documentation classified; selected architecture/security/deployment docs reviewed as context
prompts/08_PHASE_4_FRONTEND_WIRING.md,53,d486741ad2f4fbb5c49fdee9d378f74b5c2b1b223ac5904eae33fd361c5606fb,documentation_not_line_reviewed,,Documentation classified; selected architecture/security/deployment docs reviewed as context
prompts/09_TESTING.md,37,362b89e4c31df911a3bbf4b416f80a39ea9b792e47bc5c24fa2de325f6a0a6a4,documentation_not_line_reviewed,,Documentation classified; selected architecture/security/deployment docs reviewed as context
prompts/10_REVIEWER.md,25,cccab45fcc01d78578295d515241e211f2fd876161cf09387ef76d30409cecf1,documentation_not_line_reviewed,,Documentation classified; selected architecture/security/deployment docs reviewed as context
prompts/11_SCALE_RELIABILITY.md,34,f15423d073b655d3682c4c2ea40b85a4388f6cd11d871e440d09c6890e4a4f8e,documentation_not_line_reviewed,,Documentation classified; selected architecture/security/deployment docs reviewed as context
prompts/12_DOCS_AND_GIT.md,50,99276f4e766701faba30dacbce8118b067b38ea51da1edaffd66627761a148e1,documentation_not_line_reviewed,,Documentation classified; selected architecture/security/deployment docs reviewed as context
prompts/13_QUICK_PROMPTS.md,36,541b22b3c58cc321bb8e323c961abe2fd40994d08d7626b52c1f528f15e5689c,documentation_not_line_reviewed,,Documentation classified; selected architecture/security/deployment docs reviewed as context
scripts/check_changed_python_format.py,85,e5f5b6d5a89e1e56f09ba85bca8ebbaca07bbc7a411375017ad107b1d9ed6470,read_complete,coverage-infrastructure.csv,Full authored content reviewed; empty modules classified where applicable
scripts/check_changed_python_lint.py,164,5042a6423bbbf757075ed9762a7287168a8d3483b5afb939eaa7a66ca579a345,read_complete,coverage-infrastructure.csv,Full authored content reviewed; empty modules classified where applicable
scripts/check_staged_secrets.py,22,472fc911b799c7bb5983e75bf42bf3fc4e95e6a971ae66870eacd8a96cedd53b,read_complete,coverage-infrastructure.csv,Full authored content reviewed; empty modules classified where applicable
scripts/e2e_browser_login.py,103,e095b9190e7b0205096ea8c97032a302eeb3986f73da0f798901c6dd1bfcd01e,read_complete,coverage-infrastructure.csv,Full authored content reviewed; empty modules classified where applicable
scripts/e2e_browser_onboarding.py,155,86f0a24680b615fed64826f7b51db6ecac9a6d7db07603f8d75abb0c7a5308fa,read_complete,coverage-infrastructure.csv,Full authored content reviewed; empty modules classified where applicable
scripts/github_access.py,24,05ab25a4a25367faf277f7c310c262c95ad1902192c0b6870001ea93249ec0ed,read_complete,coverage-infrastructure.csv,Full authored content reviewed; empty modules classified where applicable
scripts/migrate.py,183,ac16f85f327b1c98356ffc00e62680c780b97956f9000440d49e9ac852ac1929,read_complete,coverage-infrastructure.csv,Full authored content reviewed; empty modules classified where applicable
scripts/run_e2e_tests.sh,234,c53bd8db15d3cb66df8f2620d456882867af880f5b2a58b2c77e1b6ccc846149,read_complete,coverage-infrastructure.csv,Full authored content reviewed; empty modules classified where applicable
scripts/test_agents_smoke.sh,89,4bc5830808c5867d78b5676c830202926892cd7cfae218379b105fefcdd28411,read_complete,coverage-infrastructure.csv,Full authored content reviewed; empty modules classified where applicable
scripts/validate_production.sh,150,ea06bd28f58091eb7b8ef499f0d417d95f06c5bba74e8e32b07b9af4c5283db6,read_complete,coverage-infrastructure.csv,Full authored content reviewed; empty modules classified where applicable
supabase/migrations/0001_create_users.sql,11,1615faa615c197f340dfca19d3ad408197333c4f1f35b9a7e1d5cc302ade7b00,read_complete,coverage-infrastructure.csv,Full authored content reviewed; empty modules classified where applicable
supabase/migrations/0002_create_model_settings.sql,11,419dfea400edd9b411aedc13704145ed8c5efceea8b8daae7bad73834097f572,read_complete,coverage-infrastructure.csv,Full authored content reviewed; empty modules classified where applicable
supabase/migrations/0003_create_documents.sql,13,8ecbac26f8462a25350482916a60248c550ee8747505dec34802453485bef204,read_complete,coverage-infrastructure.csv,Full authored content reviewed; empty modules classified where applicable
supabase/migrations/0004_create_applications.sql,20,b465d2f7ccfff688f57ed36fe01e93ef50c19d8211b6b099ac41d4d34adcf42a,read_complete,coverage-infrastructure.csv,Full authored content reviewed; empty modules classified where applicable
supabase/migrations/0005_create_leads.sql,12,7cd189286f9868c4e41990366888a4853303c741643d67d4c6982b338840f620,read_complete,coverage-infrastructure.csv,Full authored content reviewed; empty modules classified where applicable
supabase/migrations/0006_create_agent_runs.sql,15,a9c34b2eeac63e3d60fb78c866e0590628d0715bcfccd3a02c4eeeb6a6ffc2d4,read_complete,coverage-infrastructure.csv,Full authored content reviewed; empty modules classified where applicable
supabase/migrations/0007_create_pgvector_indexes.sql,9,b17c95d265c7aab9bb79e7ce9cef9ba59e20976d78ee74c88fc181b3f610701a,read_complete,coverage-infrastructure.csv,Full authored content reviewed; empty modules classified where applicable
supabase/migrations/0008_enable_rls.sql,43,84ff0ab6296a73c31e240934e4a623cc4638a19a2d6980a5c3ac16ccc4573a40,read_complete,coverage-infrastructure.csv,Full authored content reviewed; empty modules classified where applicable
supabase/migrations/0009_clerk_to_supabase.sql,76,1d55fa6db3f8c7a81562047313e52f6a0e7438f249043299ab04fd345619292c,read_complete,coverage-infrastructure.csv,Full authored content reviewed; empty modules classified where applicable
supabase/migrations/0010_user_preferences.sql,54,286d4f3bd2db09abdb02d3a91ad02e1d714a9ca62ed2c1f959fe5d18c7535bb0,read_complete,coverage-infrastructure.csv,Full authored content reviewed; empty modules classified where applicable
supabase/migrations/0011_cover_letter_versions.sql,16,0c31afa3fcbb4d86ba1c1ab350a43129095613460b5c7c42002c715c78c4c33d,read_complete,coverage-infrastructure.csv,Full authored content reviewed; empty modules classified where applicable
supabase/migrations/0012_interview_sessions.sql,21,1bfc632b2deacbaaa00937bd7b6d1787468958dd8f300f3493213455c5f3c2f6,read_complete,coverage-infrastructure.csv,Full authored content reviewed; empty modules classified where applicable
supabase/migrations/0013_salary_reports.sql,19,c6810772f08d3e85745ef5e4f75bbc53f8c6a9effca39f262fb680f40caa7cc1,read_complete,coverage-infrastructure.csv,Full authored content reviewed; empty modules classified where applicable
supabase/migrations/0014_company_intel.sql,18,b1adf6e79999547ee62ab771794bd99d37da1c3810f51cbf05971f7fa41ad26d,read_complete,coverage-infrastructure.csv,Full authored content reviewed; empty modules classified where applicable
supabase/migrations/0015_resume_personas.sql,28,49179551f566e1781dfe3361dc74721822ad5e241ffcedb23670b07edf82d3c8,read_complete,coverage-infrastructure.csv,Full authored content reviewed; empty modules classified where applicable
supabase/migrations/0016_linkedin_outreach_queue.sql,20,78bfa29c6844e55f0558cc5d6dc16bbb1c7cae53be18fd60e3e198c352a7e4d5,read_complete,coverage-infrastructure.csv,Full authored content reviewed; empty modules classified where applicable
supabase/migrations/0017_ats_scores.sql,22,f11b7a66e5e688271a5b3b1722df39a0ed9b839d11e5a023968065ab2d6470cb,read_complete,coverage-infrastructure.csv,Full authored content reviewed; empty modules classified where applicable
supabase/migrations/0018_fix_rls_supabase_uid.sql,39,6131091194187b55ad3dea861cb081a49ec5534788c51c9c446c79e3603ddb32,read_complete,coverage-infrastructure.csv,Full authored content reviewed; empty modules classified where applicable
supabase/migrations/0019_linkedin_credentials_auto_mode.sql,4,293c3d35102b844b635eaedd74314586d92929d3469201ac8428907903aa1208,read_complete,coverage-infrastructure.csv,Full authored content reviewed; empty modules classified where applicable
supabase/migrations/0020_fix_frontend_dashboard_schema_drift.sql,9,5810914567183eb06ce8df9a7984cc4ead4c94d45a66b704bfa3bb1cf06231a3,read_complete,coverage-infrastructure.csv,Full authored content reviewed; empty modules classified where applicable
supabase/migrations/0021_google_oauth_tokens.sql,5,8e1a0cd9df4a67d85654cd038133d7e95f046dce1fb7cec2bc0549300b532595,read_complete,coverage-infrastructure.csv,Full authored content reviewed; empty modules classified where applicable
supabase/migrations/0022_job_application_location.sql,3,f081885834274ce724ac2524d596005ce5e50010cd931745cb5d7e7455148add,read_complete,coverage-infrastructure.csv,Full authored content reviewed; empty modules classified where applicable
supabase/migrations/0023_secure_post_rls_tables.sql,229,861f196d0035b9ec402d5febf626d8d9d9788098750a3bc66518f30e45385c1e,read_complete,coverage-infrastructure.csv,Full authored content reviewed; empty modules classified where applicable
supabase/migrations/0024_rls_with_check_core_tables.sql,48,8a52eb7cd1c429c1c23b47461025b92fb38aa98b921448991a2bc9c4467b9b03,read_complete,coverage-infrastructure.csv,Full authored content reviewed; empty modules classified where applicable
supabase/migrations/0025_hnsw_index_embeddings.sql,33,64f965cec47e3207b7bcc3b6080d854ee1762b4e7021f222b0a6e91e164ba08a,read_complete,coverage-infrastructure.csv,Full authored content reviewed; empty modules classified where applicable
supabase/migrations/0026_ensure_feature_and_memory_tables.sql,318,771e00f637adf0243d8f361fd70cfac39df466ee40f8f51419e5dcc7f80d121e,read_complete,coverage-infrastructure.csv,Full authored content reviewed; empty modules classified where applicable
supabase/migrations/0027_signup_profile_metadata.sql,41,653bca83c63d9918f0e204a0f638e4873f2381d766db34d599c180381e490abf,read_complete,coverage-infrastructure.csv,Full authored content reviewed; empty modules classified where applicable
supabase/migrations/0028_clerk_third_party_auth_rls.sql,136,94b84010ac90d1d9c611f1bb90b13af5f32b00a127a1f7d20563d5d309a9486c,read_complete,coverage-infrastructure.csv,Full authored content reviewed; empty modules classified where applicable
supabase/migrations/0029_user_preferences_years_experience_check.sql,12,109f5750793bc91eeb47888b76e396ea8b0c7309f9ecbc2148794c97868dac72,read_complete,coverage-infrastructure.csv,Full authored content reviewed; empty modules classified where applicable
supabase/migrations/0030_enable_rls_public_tables.sql,56,3c0bd89a9fc4d89ab77535a63207fcbf6890f0725c9bb0fac7f10b421503c001,read_complete,coverage-infrastructure.csv,Full authored content reviewed; empty modules classified where applicable
supabase/migrations/0031_user_preferences_prefer_live_browser.sql,13,19f3b5a816d94e72dedaf85b1bfb3dd8336c292ec33faf60c4e25ea2a5291f26,read_complete,coverage-infrastructure.csv,Full authored content reviewed; empty modules classified where applicable
supabase/migrations/0032_rls_and_hnsw_fixes.sql,203,6ff901bfc3c67210db3f37d799f33fa7133650d103016f587972beb9aa3921a0,read_complete,coverage-infrastructure.csv,Full authored content reviewed; empty modules classified where applicable
supabase/migrations/0034_application_attempts_and_outbound_messages.sql,56,19259db2b05289ed4139a710b86d6fa10f2b0f61e1460e734d110fe3de62dfce,read_complete,coverage-infrastructure.csv,Full authored content reviewed; empty modules classified where applicable
supabase/migrations/0035_candidate_profiles_and_answers.sql,65,160d28f5ee2ee4119ceba20f0eae45f5572228c8a478bdfb9423231c328430fa,read_complete,coverage-infrastructure.csv,Full authored content reviewed; empty modules classified where applicable
supabase/migrations/0036_application_attempts_temporal_columns.sql,8,f766f53e17e4984ce6a7a89cef2f2e25d1f3df83669f713a8a07d18ba9f68032,read_complete,coverage-infrastructure.csv,Full authored content reviewed; empty modules classified where applicable
supabase/migrations/0037_integration_connections.sql,45,db6c1c61f5e4b5f006b0c6be234fde00a912ae6a8bef2ed79a860346beec70cf,read_complete,coverage-infrastructure.csv,Full authored content reviewed; empty modules classified where applicable
supabase/migrations/0038_temporal_runs_and_browser_extension.sql,64,c1483c631596c2508f745e25751686c6d5399928677687b7e7f825c8d45613c4,read_complete,coverage-infrastructure.csv,Full authored content reviewed; empty modules classified where applicable
supabase/migrations/0039_policy_consent.sql,8,71837d33861e6c542a54c426d4897579f92af6376ffa943d6157c04dff0b8c51,read_complete,coverage-infrastructure.csv,Full authored content reviewed; empty modules classified where applicable
supabase/migrations/0040_account_deletion_cooldown.sql,10,1500f87ba1d4770422c5fb263355944e17d671eed8f02e91a3b227c1cc64852b,read_complete,coverage-infrastructure.csv,Full authored content reviewed; empty modules classified where applicable
supabase/migrations/0041_rename_supabase_uid_to_clerk_user_id.sql,6,106deb7585857a9d737c20efe298ad85880722b5fa464eca7623d450301b4b0a,read_complete,coverage-infrastructure.csv,Full authored content reviewed; empty modules classified where applicable
supabase/migrations/0042_notifications.sql,38,69b31a6bc5d1318c9bcc48aaa2471b913dbaab319be744a209d378d512825091,read_complete,coverage-infrastructure.csv,Full authored content reviewed; empty modules classified where applicable
supabase/migrations/0043_notification_deliveries.sql,32,ead13c8714a2bf848b02f957b538630bde5414fad05cdc843cf74c3376ca3123,read_complete,coverage-infrastructure.csv,Full authored content reviewed; empty modules classified where applicable
supabase/migrations/20260909180254_durable_agent_workflows.sql,55,e3a80401c0039c5703af4451a19c2da1a8e4bbea288704705161a7ca0fa8838d,read_complete,coverage-infrastructure.csv,Full authored content reviewed; empty modules classified where applicable
supabase/migrations/20260930090000_b_retire_browser_execution.sql,15,4df01da1d1fddfca7c43057f84fcd0954682cfe48702e25f658f7f7404e7042a,read_complete,coverage-infrastructure.csv,Full authored content reviewed; empty modules classified where applicable
supabase/migrations/20260930091000_b_extension_submit_approval.sql,10,3d6911422476897c9b3357894b8edda8ff05a3c31135cbc9cc723c99f995accf,read_complete,coverage-infrastructure.csv,Full authored content reviewed; empty modules classified where applicable
supabase/migrations/20261001090000_b_job_search_defaults.sql,9,5a6280b82ae3d5b577b48fac84c221ca1a6a172bd91d68cca38da1215b9a73a3,read_complete,coverage-infrastructure.csv,Full authored content reviewed; empty modules classified where applicable
supabase/migrations/20261001091000_b_job_catalog.sql,42,c8e111e3534a19db3a57f12af359307aeedae9f5d62021b071c852a1044372f6,read_complete,coverage-infrastructure.csv,Full authored content reviewed; empty modules classified where applicable
supabase/migrations/20261001092000_b_github_profiles.sql,10,75486f1a90a7ad607849299087ee3500e7acae7636ce55ab70c07ca6c569af40,read_complete,coverage-infrastructure.csv,Full authored content reviewed; empty modules classified where applicable
supabase/migrations/20261001093000_b_extension_task_statuses.sql,17,f3c53adbd0f5b77523838bd59c989d98b449fa0fcf4eac9967a2b14504be836a,read_complete,coverage-infrastructure.csv,Full authored content reviewed; empty modules classified where applicable
supabase/migrations/20261001100000_daily_search_opt_in.sql,4,65a35300e13c8fb8362ece00358f025b58e833eee985391710dd44a7657483a5,read_complete,coverage-infrastructure.csv,Full authored content reviewed; empty modules classified where applicable
supabase/migrations/20261001101000_langchain_collection_index.sql,12,6115455069f1d2a05a9e42e0484377b813c99d2d1e308443b93df71bfe2b7dad,read_complete,coverage-infrastructure.csv,Full authored content reviewed; empty modules classified where applicable
supabase/migrations/20261001102000_one_active_model.sql,17,3dfb0af55a5444733844d4ada946c2b1950fe1ada1632635c3493396666c6c4a,read_complete,coverage-infrastructure.csv,Full authored content reviewed; empty modules classified where applicable
supabase/migrations/20261001103000_inbox_status_tracking.sql,28,eb1d156762fb7cbf3b45774294cb05c31c747a16889a02018db4179bcd08e1d7,read_complete,coverage-infrastructure.csv,Full authored content reviewed; empty modules classified where applicable
supabase/migrations/20261001104000_recruiter_outreach.sql,42,0866a98be8b4eb8cad245648c0452578cde79ca5db7c33056222ad77eccfcc53,read_complete,coverage-infrastructure.csv,Full authored content reviewed; empty modules classified where applicable
supabase/migrations/20261001105000_daily_summary_opt_in.sql,3,e60ff1b791b09d3c86f6b1b09f6f8d9bc5fba9b1dd460e29ca492e23fd48ebab,read_complete,coverage-infrastructure.csv,Full authored content reviewed; empty modules classified where applicable
supabase/migrations/20261001106000_auto_apply_opt_in.sql,5,b5df507cb833beaf1b739ccf982e5028f6642f3140df07eb39a0a0c9fb49239e,read_complete,coverage-infrastructure.csv,Full authored content reviewed; empty modules classified where applicable
supabase/migrations/20261001107000_outreach_open_tracking.sql,8,4f44981856ac43fd7b2f5c052ed9496031c3a1ec6123fd18dcd4a8b3dea6fd46,read_complete,coverage-infrastructure.csv,Full authored content reviewed; empty modules classified where applicable
supabase/migrations/20261001108000_outreach_resume_attachment.sql,5,fa08f5f90985265e0ccc849ab816e11b3d498374af762d76454a34a28852f3a4,read_complete,coverage-infrastructure.csv,Full authored content reviewed; empty modules classified where applicable
supabase/migrations/20261001109000_attempt_scheduled_start.sql,3,31e6507e81e431808cc734831c0ae2c5f0cad06db295a3b1da9ac31c9335b69d,read_complete,coverage-infrastructure.csv,Full authored content reviewed; empty modules classified where applicable
supabase/migrations/20261002090000_applications_sprint.sql,88,5371907a7c35213491b2af2456de85be87e07e190e427f2f45036c63034d351c,read_complete,coverage-infrastructure.csv,Full authored content reviewed; empty modules classified where applicable
supabase/migrations/20261003090000_auto_rule_enabled_at.sql,9,363749ac9947d5d73a91861de56ceb7d84b6e21e96c7ce8da03e92187bdd7bb8,read_complete,coverage-infrastructure.csv,Full authored content reviewed; empty modules classified where applicable
supabase/migrations/20261005120000_portal_credentials.sql,15,9ecfd5df4a90b0b41cd682dd767416ee3f5c041fe169a0abab38f5d33413a462,read_complete,coverage-infrastructure.csv,Full authored content reviewed; empty modules classified where applicable
supabase/migrations/20261005180000_copilot_conversations.sql,14,cbfe44f775226bbe51baccf288357de2a376571f3bb5208bbedc417d1c4721eb,read_complete,coverage-infrastructure.csv,Full authored content reviewed; empty modules classified where applicable
supabase/migrations/20261006100000_outreach_approval.sql,7,c98761b1f72cfb7f50f4bccd62d0b05cb71295de06bb843ca76d34a94f14fe1d,read_complete,coverage-infrastructure.csv,Full authored content reviewed; empty modules classified where applicable
supabase/migrations/20261006101000_document_lifecycle.sql,56,549628790b553fdf4e3d1ddf2fe99550bfc6da78d20800f69012ad720c4bd2fe,read_complete,coverage-infrastructure.csv,Full authored content reviewed; empty modules classified where applicable
supabase/rollbacks/20261005120000_portal_credentials.sql,4,fefc73629237d47ab9ff8b80d485398a228538bad5efdcf2436262f7f65d65e7,read_complete,coverage-infrastructure.csv,Full authored content reviewed; empty modules classified where applicable
